date,attr,value,a,b,c,d
20140101,TMAX,6,,,W,2400
20140101,TMIN,-43,,,W,2400
20140101,PRCP,0,,,W,2400
20140101,SNOW,0,,,W,
20140101,SNWD,0,,,W,
20140101,AWND,25,,,W,
20140101,WDF2,280,,,W,
20140101,WDF5,300,,,W,
20140101,WSF2,63,,,W,
20140101,WSF5,103,,,W,
20140102,TMAX,6,,,W,2400
20140102,TMIN,-77,,,W,2400
20140102,PRCP,84,,,W,2400
20140102,SNOW,79,,,W,
20140102,SNWD,0,,,W,
20140102,AWND,55,,,W,
20140102,WDF2,50,,,W,
20140102,WDF5,50,,,W,
20140102,WSF2,94,,,W,
20140102,WSF5,125,,,W,
20140103,TMAX,-77,,,W,2400
20140103,TMIN,-127,,,W,2400
20140103,PRCP,74,,,W,2400
20140103,SNOW,84,,,W,
20140103,SNWD,150,,,W,
20140103,AWND,47,,,W,
20140103,WDF2,360,,,W,
20140103,WDF5,310,,,W,
20140103,WSF2,94,,,W,
20140103,WSF5,130,,,W,
20140103,WT01,1,,,W,
20140104,TMAX,-16,,,W,2400
20140104,TMIN,-132,,,W,2400
20140104,PRCP,0,,,W,2400
20140104,SNOW,0,,,W,
20140104,SNWD,150,,,W,
20140104,AWND,22,,,W,
20140104,WDF2,260,,,W,
20140104,WDF5,240,,,W,
20140104,WSF2,40,,,W,
20140104,WSF5,89,,,W,
20140105,TMAX,44,,,W,2400
20140105,TMIN,-27,,,W,2400
20140105,PRCP,36,,,W,2400
20140105,SNOW,0,T,,W,
20140105,SNWD,100,,,W,
20140105,AWND,17,,,W,
20140105,WDF2,70,,,W,
20140105,WDF5,240,,,W,
20140105,WSF2,31,,,W,
20140105,WSF5,76,,,W,
20140106,TMAX,128,,,W,2400
20140106,TMIN,-71,,,W,2400
20140106,PRCP,91,,,W,2400
20140106,SNOW,0,,,W,
20140106,SNWD,30,,,W,
20140106,AWND,38,,,W,
20140106,WDF2,290,,,W,
20140106,WDF5,300,,,W,
20140106,WSF2,81,,,W,
20140106,WSF5,130,,,W,
20140107,TMAX,-71,,,W,2400
20140107,TMIN,-155,,,W,2400
20140107,PRCP,0,,,W,2400
20140107,SNOW,0,,,W,
20140107,SNWD,0,,,W,
20140107,AWND,59,,,W,
20140107,WDF2,280,,,W,
20140107,WDF5,270,,,W,
20140107,WSF2,103,,,W,
20140107,WSF5,170,,,W,
20140108,TMAX,-55,,,W,2400
20140108,TMIN,-127,,,W,2400
20140108,PRCP,0,,,W,2400
20140108,SNOW,0,,,W,
20140108,SNWD,0,,,W,
20140108,AWND,32,,,W,
20140108,WDF2,290,,,W,
20140108,WDF5,290,,,W,
20140108,WSF2,67,,,W,
20140108,WSF5,103,,,W,
20140109,TMAX,0,,,W,2400
20140109,TMIN,-55,,,W,2400
20140109,PRCP,0,,,W,2400
20140109,SNOW,0,,,W,
20140109,SNWD,0,,,W,
20140109,AWND,13,,,W,
20140109,WDF2,350,,,W,
20140109,WDF5,320,,,W,
20140109,WSF2,54,,,W,
20140109,WSF5,72,,,W,
20140110,TMAX,28,,,W,2400
20140110,TMIN,-10,,,W,2400
20140110,PRCP,28,,,W,2400
20140110,SNOW,0,T,,W,
20140110,SNWD,0,,,W,
20140110,AWND,15,,,W,
20140110,WDF2,50,,,W,
20140110,WDF5,160,,,W,
20140110,WSF2,36,,,W,
20140110,WSF5,49,,,W,
20140111,TMAX,144,,,W,2400
20140111,TMIN,28,,,W,2400
20140111,PRCP,127,,,W,2400
20140111,SNOW,0,,,W,
20140111,SNWD,0,,,W,
20140111,AWND,32,,,W,
20140111,WDF2,180,,,W,
20140111,WDF5,170,,,W,
20140111,WSF2,76,,,W,
20140111,WSF5,125,,,W,
20140111,WT01,1,,,W,
20140112,TMAX,122,,,W,2400
20140112,TMIN,33,,,W,2400
20140112,PRCP,13,,,W,2400
20140112,SNOW,0,,,W,
20140112,SNWD,0,,,W,
20140112,AWND,37,,,W,
20140112,WDF2,290,,,W,
20140112,WDF5,290,,,W,
20140112,WSF2,89,,,W,
20140112,WSF5,139,,,W,
20140112,WT01,1,,,W,
20140113,TMAX,106,,,W,2400
20140113,TMIN,28,,,W,2400
20140113,PRCP,0,,,W,2400
20140113,SNOW,0,,,W,
20140113,SNWD,0,,,W,
20140113,AWND,23,,,W,
20140113,WDF2,180,,,W,
20140113,WDF5,170,,,W,
20140113,WSF2,63,,,W,
20140113,WSF5,107,,,W,
20140114,TMAX,111,,,W,2400
20140114,TMIN,67,,,W,2400
20140114,PRCP,97,,,W,2400
20140114,SNOW,0,,,W,
20140114,SNWD,0,,,W,
20140114,AWND,22,,,W,
20140114,WDF2,230,,,W,
20140114,WDF5,250,,,W,
20140114,WSF2,58,,,W,
20140114,WSF5,98,,,W,
20140114,WT01,1,,,W,
20140115,TMAX,83,,,W,2400
20140115,TMIN,39,,,W,2400
20140115,PRCP,0,,,W,2400
20140115,SNOW,0,,,W,
20140115,SNWD,0,,,W,
20140115,AWND,13,,,W,
20140115,WDF2,160,,,W,
20140115,WDF5,190,,,W,
20140115,WSF2,54,,,W,
20140115,WSF5,76,,,W,
20140116,TMAX,56,,,W,2400
20140116,TMIN,22,,,W,2400
20140116,PRCP,0,,,W,2400
20140116,SNOW,0,,,W,
20140116,SNWD,0,,,W,
20140116,AWND,18,,,W,
20140116,WDF2,10,,,W,
20140116,WDF5,50,,,W,
20140116,WSF2,45,,,W,
20140116,WSF5,63,,,W,
20140117,TMAX,67,,,W,2400
20140117,TMIN,6,,,W,2400
20140117,PRCP,0,,,W,2400
20140117,SNOW,0,,,W,
20140117,SNWD,0,,,W,
20140117,AWND,16,,,W,
20140117,WDF2,170,,,W,
20140117,WDF5,180,,,W,
20140117,WSF2,54,,,W,
20140117,WSF5,85,,,W,
20140118,TMAX,50,,,W,2400
20140118,TMIN,-16,,,W,2400
20140118,PRCP,18,,,W,2400
20140118,SNOW,0,T,,W,
20140118,SNWD,0,,,W,
20140118,AWND,32,,,W,
20140118,WDF2,290,,,W,
20140118,WDF5,300,,,W,
20140118,WSF2,67,,,W,
20140118,WSF5,112,,,W,
20140119,TMAX,33,,,W,2400
20140119,TMIN,-43,,,W,2400
20140119,PRCP,0,,,W,2400
20140119,SNOW,0,,,W,
20140119,SNWD,0,,,W,
20140119,AWND,33,,,W,
20140119,WDF2,260,,,W,
20140119,WDF5,250,,,W,
20140119,WSF2,94,,,W,
20140119,WSF5,152,,,W,
20140120,TMAX,78,,,W,2400
20140120,TMIN,-5,,,W,2400
20140120,PRCP,0,,,W,2400
20140120,SNOW,0,,,W,
20140120,SNWD,0,,,W,
20140120,AWND,33,,,W,
20140120,WDF2,270,,,W,
20140120,WDF5,280,,,W,
20140120,WSF2,76,,,W,
20140120,WSF5,134,,,W,
20140121,TMAX,-5,,,W,2400
20140121,TMIN,-116,,,W,2400
20140121,PRCP,117,,,W,2400
20140121,SNOW,279,,,W,
20140121,SNWD,0,,,W,
20140121,AWND,47,,,W,
20140121,WDF2,30,,,W,
20140121,WDF5,40,,,W,
20140121,WSF2,89,,,W,
20140121,WSF5,134,,,W,
20140122,TMAX,-82,,,W,2400
20140122,TMIN,-149,,,W,2400
20140122,PRCP,5,,,W,2400
20140122,SNOW,13,,,W,
20140122,SNWD,280,,,W,
20140122,AWND,39,,,W,
20140122,WDF2,360,,,W,
20140122,WDF5,350,,,W,
20140122,WSF2,98,,,W,
20140122,WSF5,134,,,W,
20140123,TMAX,-66,,,W,2400
20140123,TMIN,-138,,,W,2400
20140123,PRCP,0,,,W,2400
20140123,SNOW,0,,,W,
20140123,SNWD,180,,,W,
20140123,AWND,32,,,W,
20140123,WDF2,290,,,W,
20140123,WDF5,280,,,W,
20140123,WSF2,72,,,W,
20140123,WSF5,116,,,W,
20140124,TMAX,-66,,,W,2400
20140124,TMIN,-121,,,W,2400
20140124,PRCP,0,,,W,2400
20140124,SNOW,0,,,W,
20140124,SNWD,150,,,W,
20140124,AWND,36,,,W,
20140124,WDF2,250,,,W,
20140124,WDF5,240,,,W,
20140124,WSF2,76,,,W,
20140124,WSF5,134,,,W,
20140125,TMAX,-21,,,W,2400
20140125,TMIN,-71,,,W,2400
20140125,PRCP,10,,,W,2400
20140125,SNOW,25,,,W,
20140125,SNWD,100,,,W,
20140125,AWND,34,,,W,
20140125,WDF2,230,,,W,
20140125,WDF5,240,,,W,
20140125,WSF2,76,,,W,
20140125,WSF5,134,,,W,
20140126,TMAX,11,,,W,2400
20140126,TMIN,-82,,,W,2400
20140126,PRCP,0,,,W,2400
20140126,SNOW,0,T,,W,
20140126,SNWD,100,,,W,
20140126,WDF2,280,,,W,
20140126,WDF5,280,,,W,
20140126,WSF2,72,,,W,
20140126,WSF5,116,,,W,
20140127,TMAX,67,,,W,2400
20140127,TMIN,-60,,,W,2400
20140127,PRCP,0,,,W,2400
20140127,SNOW,0,,,W,
20140127,SNWD,80,,,W,
20140127,AWND,35,,,W,
20140127,WDF2,300,,,W,
20140127,WDF5,300,,,W,
20140127,WSF2,76,,,W,
20140127,WSF5,134,,,W,
20140128,TMAX,-60,,,W,2400
20140128,TMIN,-110,,,W,2400
20140128,PRCP,0,,,W,2400
20140128,SNOW,0,,,W,
20140128,SNWD,30,,,W,
20140128,AWND,27,,,W,
20140128,WDF2,310,,,W,
20140128,WDF5,280,,,W,
20140128,WSF2,67,,,W,
20140128,WSF5,107,,,W,
20140129,TMAX,-49,,,W,2400
20140129,TMIN,-99,,,W,2400
20140129,PRCP,10,,,W,2400
20140129,SNOW,20,,,W,
20140129,SNWD,50,,,W,
20140129,AWND,29,,,W,
20140129,WDF2,260,,,W,
20140129,WDF5,250,,,W,
20140129,WSF2,67,,,W,
20140129,WSF5,103,,,W,
20140130,TMAX,-10,,,W,2400
20140130,TMIN,-88,,,W,2400
20140130,PRCP,0,,,W,2400
20140130,SNOW,0,,,W,
20140130,SNWD,25,,,Z,
20140130,AWND,17,,,W,
20140130,WDF2,270,,,W,
20140130,WDF5,270,,,W,
20140130,WSF2,40,,,W,
20140130,WSF5,72,,,W,
20140131,TMAX,39,,,W,2400
20140131,TMIN,-38,,,W,2400
20140131,PRCP,0,,,W,2400
20140131,SNOW,0,,,W,
20140131,SNWD,30,,,W,
20140131,AWND,22,,,W,
20140131,WDF2,260,,,W,
20140131,WDF5,260,,,W,
20140131,WSF2,63,,,W,
20140131,WSF5,94,,,W,
20140201,TMAX,72,,,W,2400
20140201,TMIN,22,,,W,2400
20140201,PRCP,0,,,W,2400
20140201,SNOW,0,,,W,
20140201,SNWD,30,,,W,
20140201,AWND,16,,,W,
20140201,WDF2,180,,,W,
20140201,WDF5,190,,,W,
20140201,WSF2,58,,,W,
20140201,WSF5,85,,,W,
20140201,WT08,1,,,W,
20140202,TMAX,133,,,W,2400
20140202,TMIN,39,,,W,2400
20140202,PRCP,0,T,,W,2400
20140202,SNOW,0,,,W,
20140202,SNWD,30,,,W,
20140202,AWND,14,,,W,
20140202,WDF2,360,,,W,
20140202,WDF5,360,,,W,
20140202,WSF2,45,,,W,
20140202,WSF5,67,,,W,
20140202,WT08,1,,,W,
20140203,TMAX,61,,,W,2400
20140203,TMIN,-27,,,W,2400
20140203,PRCP,297,,,W,2400
20140203,SNOW,203,,,W,
20140203,SNWD,30,,,W,
20140203,AWND,30,,,W,
20140203,WDF2,20,,,W,
20140203,WDF5,20,,,W,
20140203,WSF2,45,,,W,
20140203,WSF5,72,,,W,
20140204,TMAX,17,,,W,2400
20140204,TMIN,-55,,,W,2400
20140204,PRCP,0,,,W,2400
20140204,SNOW,0,,,W,
20140204,SNWD,200,,,W,
20140204,AWND,10,,,W,
20140204,WDF2,60,,,W,
20140204,WSF2,31,,,W,
20140204,WT08,1,,,W,
20140205,TMAX,11,,,W,2400
20140205,TMIN,-16,,,W,2400
20140205,PRCP,363,,,W,2400
20140205,SNOW,102,,,W,
20140205,SNWD,230,,,W,
20140205,AWND,32,,,W,
20140205,WDF2,60,,,W,
20140205,WDF5,70,,,W,
20140205,WSF2,67,,,W,
20140205,WSF5,125,,,W,
20140206,TMAX,0,,,W,2400
20140206,TMIN,-60,,,W,2400
20140206,PRCP,0,,,W,2400
20140206,SNOW,0,,,W,
20140206,SNWD,230,,,W,
20140206,AWND,18,,,W,
20140206,WDF2,310,,,W,
20140206,WDF5,310,,,W,
20140206,WSF2,58,,,W,
20140206,WSF5,85,,,W,
20140207,TMAX,0,,,W,2400
20140207,TMIN,-43,,,W,2400
20140207,PRCP,0,,,W,2400
20140207,SNOW,0,,,W,
20140207,SNWD,230,,,W,
20140207,AWND,30,,,W,
20140207,WDF2,280,,,W,
20140207,WDF5,270,,,W,
20140207,WSF2,67,,,W,
20140207,WSF5,107,,,W,
20140208,TMAX,-16,,,W,2400
20140208,TMIN,-60,,,W,2400
20140208,PRCP,0,,,W,2400
20140208,SNOW,0,,,W,
20140208,SNWD,230,,,W,
20140208,AWND,22,,,W,
20140208,WDF2,280,,,W,
20140208,WDF5,270,,,W,
20140208,WSF2,54,,,W,
20140208,WSF5,76,,,W,
20140209,TMAX,-5,,,W,2400
20140209,TMIN,-60,,,W,2400
20140209,PRCP,25,,,W,2400
20140209,SNOW,30,,,W,
20140209,SNWD,200,,,W,
20140209,AWND,16,,,W,
20140209,WDF2,270,,,W,
20140209,WDF5,270,,,W,
20140209,WSF2,54,,,W,
20140209,WSF5,89,,,W,
20140210,TMAX,-16,,,W,2400
20140210,TMIN,-60,,,W,2400
20140210,PRCP,0,,,W,2400
20140210,SNOW,0,,,W,
20140210,SNWD,250,,,W,
20140210,AWND,32,,,W,
20140210,WDF2,310,,,W,
20140210,WDF5,320,,,W,
20140210,WSF2,67,,,W,
20140210,WSF5,116,,,W,
20140211,TMAX,-32,,,W,2400
20140211,TMIN,-88,,,W,2400
20140211,PRCP,0,,,W,2400
20140211,SNOW,0,,,W,
20140211,SNWD,250,,,W,
20140211,AWND,24,,,W,
20140211,WDF2,280,,,W,
20140211,WDF5,270,,,W,
20140211,WSF2,63,,,W,
20140211,WSF5,89,,,W,
20140212,TMAX,-38,,,W,2400
20140212,TMIN,-105,,,W,2400
20140212,PRCP,0,,,W,2400
20140212,SNOW,0,,,W,
20140212,SNWD,250,,,W,
20140212,AWND,26,,,W,
20140212,WDF2,60,,,W,
20140212,WDF5,50,,,W,
20140212,WSF2,63,,,W,
20140212,WSF5,85,,,W,
20140213,TMAX,22,,,W,2400
20140213,TMIN,-43,,,W,2400
20140213,PRCP,452,,,W,2400
20140213,SNOW,241,,,W,
20140213,SNWD,300,,,W,
20140213,AWND,56,,,W,
20140213,WDF2,60,,,W,
20140213,WDF5,80,,,W,
20140213,WSF2,112,,,W,
20140213,WSF5,174,,,W,
20140214,TMAX,44,,,W,2400
20140214,TMIN,-5,,,W,2400
20140214,PRCP,76,,,W,2400
20140214,SNOW,76,,,W,
20140214,SNWD,460,,,W,
20140214,AWND,47,,,W,
20140214,WDF2,290,,,W,
20140214,WDF5,280,,,W,
20140214,WSF2,98,,,W,
20140214,WSF5,170,,,W,
20140215,TMAX,28,,,W,2400
20140215,TMIN,-27,,,W,2400
20140215,PRCP,33,,,W,2400
20140215,SNOW,41,,,W,
20140215,SNWD,460,,,W,
20140215,AWND,42,,,W,
20140215,WDF2,60,,,W,
20140215,WDF5,310,,,W,
20140215,WSF2,81,,,W,
20140215,WSF5,130,,,W,
20140216,TMAX,-10,,,W,2400
20140216,TMIN,-60,,,W,2400
20140216,PRCP,0,,,W,2400
20140216,SNOW,0,,,W,
20140216,SNWD,460,,,W,
20140216,AWND,40,,,W,
20140216,WDF2,310,,,W,
20140216,WDF5,300,,,W,
20140216,WSF2,81,,,W,
20140216,WSF5,139,,,W,
20140217,TMAX,0,,,W,2400
20140217,TMIN,-77,,,W,2400
20140217,PRCP,0,,,W,2400
20140217,SNOW,0,,,W,
20140217,SNWD,430,,,W,
20140217,AWND,24,,,W,
20140217,WDF2,310,,,W,
20140217,WDF5,300,,,W,
20140217,WSF2,72,,,W,
20140217,WSF5,107,,,W,
20140218,TMAX,39,,,W,2400
20140218,TMIN,-32,,,W,2400
20140218,PRCP,41,,,W,2400
20140218,SNOW,38,,,W,
20140218,SNWD,460,,,W,
20140218,AWND,23,,,W,
20140218,WDF2,280,,,W,
20140218,WDF5,280,,,W,
20140218,WSF2,72,,,W,
20140218,WSF5,134,,,W,
20140219,TMAX,72,,,W,2400
20140219,TMIN,11,,,W,2400
20140219,PRCP,66,,,W,2400
20140219,SNOW,0,,,W,
20140219,SNWD,430,,,W,
20140219,AWND,23,,,W,
20140219,WDF2,150,,,W,
20140219,WDF5,290,,,W,
20140219,WSF2,72,,,W,
20140219,WSF5,116,,,W,
20140220,TMAX,106,,,W,2400
20140220,TMIN,28,,,W,2400
20140220,PRCP,8,,,W,2400
20140220,SNOW,0,,,W,
20140220,SNWD,380,,,W,
20140220,AWND,22,,,W,
20140220,WDF2,160,,,W,
20140220,WDF5,180,,,W,
20140220,WSF2,63,,,W,
20140220,WSF5,89,,,W,
20140221,TMAX,94,,,W,2400
20140221,TMIN,22,,,W,2400
20140221,PRCP,23,,,W,2400
20140221,SNOW,0,,,W,
20140221,SNWD,330,,,W,
20140221,AWND,33,,,W,
20140221,WDF2,290,,,W,
20140221,WDF5,290,,,W,
20140221,WSF2,94,,,W,
20140221,WSF5,143,,,W,
20140222,TMAX,122,,,W,2400
20140222,TMIN,44,,,W,2400
20140222,PRCP,0,,,W,2400
20140222,SNOW,0,,,W,
20140222,SNWD,250,,,W,
20140222,AWND,32,,,W,
20140222,WDF2,260,,,W,
20140222,WDF5,260,,,W,
20140222,WSF2,76,,,W,
20140222,WSF5,130,,,W,
20140223,TMAX,122,,,W,2400
20140223,TMIN,61,,,W,2400
20140223,PRCP,0,T,,W,2400
20140223,SNOW,0,,,W,
20140223,SNWD,230,,,W,
20140223,AWND,24,,,W,
20140223,WDF2,290,,,W,
20140223,WDF5,300,,,W,
20140223,WSF2,81,,,W,
20140223,WSF5,134,,,W,
20140224,TMAX,67,,,W,2400
20140224,TMIN,-27,,,W,2400
20140224,PRCP,0,,,W,2400
20140224,SNOW,0,,,W,
20140224,SNWD,150,,,W,
20140224,AWND,42,,,W,
20140224,WDF2,320,,,W,
20140224,WDF5,280,,,W,
20140224,WSF2,76,,,W,
20140224,WSF5,125,,,W,
20140225,TMAX,6,,,W,2400
20140225,TMIN,-43,,,W,2400
20140225,PRCP,0,,,W,2400
20140225,SNOW,0,,,W,
20140225,SNWD,150,,,W,
20140225,AWND,31,,,W,
20140225,WDF2,280,,,W,
20140225,WDF5,280,,,W,
20140225,WSF2,81,,,W,
20140225,WSF5,121,,,W,
20140226,TMAX,-5,,,W,2400
20140226,TMIN,-66,,,W,2400
20140226,PRCP,8,,,W,2400
20140226,SNOW,5,,,W,
20140226,SNWD,150,,,W,
20140226,AWND,24,,,W,
20140226,WDF2,320,,,W,
20140226,WDF5,300,,,W,
20140226,WSF2,76,,,W,
20140226,WSF5,130,,,W,
20140226,WT08,1,,,W,
20140227,TMAX,11,,,W,2400
20140227,TMIN,-99,,,W,2400
20140227,PRCP,0,,,W,2400
20140227,SNOW,0,,,W,
20140227,SNWD,150,,,W,
20140227,AWND,38,,,W,
20140227,WDF2,290,,,W,
20140227,WDF5,290,,,W,
20140227,WSF2,94,,,W,
20140227,WSF5,174,,,W,
20140227,WT08,1,,,W,
20140228,TMAX,-43,,,W,2400
20140228,TMIN,-127,,,W,2400
20140228,PRCP,0,,,W,2400
20140228,SNOW,0,,,W,
20140228,SNWD,150,,,W,
20140228,AWND,21,,,W,
20140228,WDF2,280,,,W,
20140228,WDF5,330,,,W,
20140228,WSF2,67,,,W,
20140228,WSF5,112,,,W,
20140301,TMAX,28,,,W,2400
20140301,TMIN,-66,,,W,2400
20140301,PRCP,0,,,W,2400
20140301,SNOW,0,,,W,
20140301,SNWD,150,,,W,
20140301,AWND,20,,,W,
20140301,WDF2,260,,,W,
20140301,WDF5,260,,,W,
20140301,WSF2,54,,,W,
20140301,WSF5,72,,,W,
20140302,TMAX,44,,,W,2400
20140302,TMIN,0,,,W,2400
20140302,PRCP,0,T,,W,2400
20140302,SNOW,0,T,,W,
20140302,SNWD,130,,,W,
20140302,AWND,17,,,W,
20140302,WDF2,260,,,W,
20140302,WDF5,250,,,W,
20140302,WSF2,58,,,W,
20140302,WSF5,89,,,W,
20140302,WT08,1,,,W,
20140303,TMAX,0,,,W,2400
20140303,TMIN,-82,,,W,2400
20140303,PRCP,10,,,W,2400
20140303,SNOW,3,,,W,
20140303,SNWD,130,,,W,
20140303,AWND,30,,,W,
20140303,WDF2,360,,,W,
20140303,WDF5,340,,,W,
20140303,WSF2,72,,,W,
20140303,WSF5,107,,,W,
20140303,WT08,1,,,W,
20140304,TMAX,-16,,,W,2400
20140304,TMIN,-105,,,W,2400
20140304,PRCP,0,,,W,2400
20140304,SNOW,0,,,W,
20140304,SNWD,130,,,W,
20140304,AWND,21,,,W,
20140304,WDF2,40,,,W,
20140304,WDF5,40,,,W,
20140304,WSF2,58,,,W,
20140304,WSF5,85,,,W,
20140305,TMAX,39,,,W,2400
20140305,TMIN,-32,,,W,2400
20140305,PRCP,0,,,W,2400
20140305,SNOW,0,,,W,
20140305,SNWD,100,,,W,
20140305,AWND,23,,,W,
20140305,WDF2,30,,,W,
20140305,WDF5,40,,,W,
20140305,WSF2,76,,,W,
20140305,WSF5,112,,,W,
20140306,TMAX,-5,,,W,2400
20140306,TMIN,-88,,,W,2400
20140306,PRCP,0,,,W,2400
20140306,SNOW,0,,,W,
20140306,SNWD,100,,,W,
20140306,AWND,38,,,W,
20140306,WDF2,50,,,W,
20140306,WDF5,10,,,W,
20140306,WSF2,76,,,W,
20140306,WSF5,103,,,W,
20140307,TMAX,28,,,W,2400
20140307,TMIN,-32,,,W,2400
20140307,PRCP,0,,,W,2400
20140307,SNOW,0,,,W,
20140307,SNWD,100,,,W,
20140307,AWND,35,,,W,
20140307,WDF2,60,,,W,
20140307,WDF5,50,,,W,
20140307,WSF2,72,,,W,
20140307,WSF5,98,,,W,
20140307,WT08,1,,,W,
20140308,TMAX,139,,,W,2400
20140308,TMIN,17,,,W,2400
20140308,PRCP,0,,,W,2400
20140308,SNOW,0,,,W,
20140308,SNWD,80,,,W,
20140308,AWND,26,,,W,
20140308,WDF2,290,,,W,
20140308,WDF5,290,,,W,
20140308,WSF2,76,,,W,
20140308,WSF5,121,,,W,
20140309,TMAX,67,,,W,2400
20140309,TMIN,22,,,W,2400
20140309,PRCP,0,,,W,2400
20140309,SNOW,0,,,W,
20140309,SNWD,50,,,W,
20140309,AWND,28,,,W,
20140309,WDF2,320,,,W,
20140309,WDF5,310,,,W,
20140309,WSF2,67,,,W,
20140309,WSF5,98,,,W,
20140310,TMAX,106,,,W,2400
20140310,TMIN,22,,,W,2400
20140310,PRCP,0,T,,W,2400
20140310,SNOW,0,T,,W,
20140310,SNWD,30,,,W,
20140310,AWND,24,,,W,
20140310,WDF2,260,,,W,
20140310,WDF5,250,,,W,
20140310,WSF2,67,,,W,
20140310,WSF5,125,,,W,
20140310,WT08,1,,,W,
20140311,TMAX,189,,,W,2400
20140311,TMIN,72,,,W,2400
20140311,PRCP,0,,,W,2400
20140311,SNOW,0,,,W,
20140311,SNWD,0,,,W,
20140311,AWND,21,,,W,
20140311,WDF2,250,,,W,
20140311,WDF5,250,,,W,
20140311,WSF2,58,,,W,
20140311,WSF5,98,,,W,
20140312,TMAX,133,,,W,2400
20140312,TMIN,0,,,W,2400
20140312,PRCP,89,,,W,2400
20140312,SNOW,0,,,W,
20140312,SNWD,0,,,W,
20140312,AWND,24,,,W,
20140312,WDF2,310,,,W,
20140312,WDF5,320,,,W,
20140312,WSF2,89,,,W,
20140312,WSF5,157,,,W,
20140313,TMAX,0,,,W,2400
20140313,TMIN,-77,,,W,2400
20140313,PRCP,0,,,W,2400
20140313,SNOW,0,,,W,
20140313,SNWD,0,,,W,
20140313,AWND,63,,,W,
20140313,WDF2,310,,,W,
20140313,WDF5,320,,,W,
20140313,WSF2,103,,,W,
20140313,WSF5,179,,,W,
20140314,TMAX,78,,,W,2400
20140314,TMIN,-55,,,W,2400
20140314,PRCP,0,,,W,2400
20140314,SNOW,0,,,W,
20140314,SNWD,0,,,W,
20140314,AWND,25,,,W,
20140314,WDF2,260,,,W,
20140314,WDF5,250,,,W,
20140314,WSF2,63,,,W,
20140314,WSF5,103,,,W,
20140315,TMAX,144,,,W,2400
20140315,TMIN,56,,,W,2400
20140315,PRCP,0,,,W,2400
20140315,SNOW,0,,,W,
20140315,SNWD,0,,,W,
20140315,AWND,40,,,W,
20140315,WDF2,290,,,W,
20140315,WDF5,300,,,W,
20140315,WSF2,94,,,W,
20140315,WSF5,148,,,W,
20140316,TMAX,56,,,W,2400
20140316,TMIN,-10,,,W,2400
20140316,PRCP,0,,,W,2400
20140316,SNOW,0,,,W,
20140316,SNWD,0,,,W,
20140316,AWND,34,,,W,
20140316,WDF2,310,,,W,
20140316,WDF5,310,,,W,
20140316,WSF2,72,,,W,
20140316,WSF5,125,,,W,
20140317,TMAX,17,,,W,2400
20140317,TMIN,-49,,,W,2400
20140317,PRCP,0,,,W,2400
20140317,SNOW,0,,,W,
20140317,SNWD,0,,,W,
20140317,AWND,36,,,W,
20140317,WDF2,40,,,W,
20140317,WDF5,10,,,W,
20140317,WSF2,67,,,W,
20140317,WSF5,103,,,W,
20140318,TMAX,61,,,W,2400
20140318,TMIN,-21,,,W,2400
20140318,PRCP,0,,,W,2400
20140318,SNOW,0,,,W,
20140318,SNWD,0,,,W,
20140318,AWND,31,,,W,
20140318,WDF2,60,,,W,
20140318,WDF5,60,,,W,
20140318,WSF2,89,,,W,
20140318,WSF5,112,,,W,
20140319,TMAX,78,,,W,2400
20140319,TMIN,0,,,W,2400
20140319,PRCP,234,,,W,2400
20140319,SNOW,0,,,W,
20140319,SNWD,0,,,W,
20140319,AWND,32,,,W,
20140319,WDF2,110,,,W,
20140319,WDF5,130,,,W,
20140319,WSF2,67,,,W,
20140319,WSF5,94,,,W,
20140320,TMAX,122,,,W,2400
20140320,TMIN,44,,,W,2400
20140320,PRCP,0,,,W,2400
20140320,SNOW,0,,,W,
20140320,SNWD,0,,,W,
20140320,AWND,36,,,W,
20140320,WDF2,280,,,W,
20140320,WDF5,280,,,W,
20140320,WSF2,89,,,W,
20140320,WSF5,143,,,W,
20140321,TMAX,106,,,W,2400
20140321,TMIN,39,,,W,2400
20140321,PRCP,0,,,W,2400
20140321,SNOW,0,,,W,
20140321,SNWD,0,,,W,
20140321,AWND,34,,,W,
20140321,WDF2,310,,,W,
20140321,WDF5,280,,,W,
20140321,WSF2,72,,,W,
20140321,WSF5,130,,,W,
20140322,TMAX,172,,,W,2400
20140322,TMIN,50,,,W,2400
20140322,PRCP,0,,,W,2400
20140322,SNOW,0,,,W,
20140322,SNWD,0,,,W,
20140322,AWND,31,,,W,
20140322,WDF2,280,,,W,
20140322,WDF5,270,,,W,
20140322,WSF2,81,,,W,
20140322,WSF5,143,,,W,
20140323,TMAX,56,,,W,2400
20140323,TMIN,-27,,,W,2400
20140323,PRCP,0,,,W,2400
20140323,SNOW,0,,,W,
20140323,SNWD,0,,,W,
20140323,AWND,33,,,W,
20140323,WDF2,310,,,W,
20140323,WDF5,310,,,W,
20140323,WSF2,67,,,W,
20140323,WSF5,103,,,W,
20140324,TMAX,17,,,W,2400
20140324,TMIN,-60,,,W,2400
20140324,PRCP,0,,,W,2400
20140324,SNOW,0,,,W,
20140324,SNWD,0,,,W,
20140324,AWND,30,,,W,
20140324,WDF2,350,,,W,
20140324,WDF5,10,,,W,
20140324,WSF2,67,,,W,
20140324,WSF5,121,,,W,
20140325,TMAX,39,,,W,2400
20140325,TMIN,-32,,,W,2400
20140325,PRCP,0,,,W,2400
20140325,SNOW,0,,,W,
20140325,SNWD,0,,,W,
20140325,AWND,26,,,W,
20140325,WDF2,50,,,W,
20140325,WDF5,60,,,W,
20140325,WSF2,72,,,W,
20140325,WSF5,98,,,W,
20140326,TMAX,22,,,W,2400
20140326,TMIN,-43,,,W,2400
20140326,PRCP,0,,,W,2400
20140326,SNOW,0,,,W,
20140326,SNWD,0,,,W,
20140326,AWND,53,,,W,
20140326,WDF2,310,,,W,
20140326,WDF5,310,,,W,
20140326,WSF2,103,,,W,
20140326,WSF5,170,,,W,
20140327,TMAX,67,,,W,2400
20140327,TMIN,-55,,,W,2400
20140327,PRCP,0,,,W,2400
20140327,SNOW,0,,,W,
20140327,SNWD,0,,,W,
20140327,AWND,30,,,W,
20140327,WDF2,210,,,W,
20140327,WDF5,240,,,W,
20140327,WSF2,63,,,W,
20140327,WSF5,116,,,W,
20140328,TMAX,167,,,W,2400
20140328,TMIN,28,,,W,2400
20140328,PRCP,10,,,W,2400
20140328,SNOW,0,,,W,
20140328,SNWD,0,,,W,
20140328,AWND,24,,,W,
20140328,WDF2,240,,,W,
20140328,WDF5,260,,,W,
20140328,WSF2,58,,,W,
20140328,WSF5,98,,,W,
20140329,TMAX,150,,,W,2400
20140329,TMIN,61,,,W,2400
20140329,PRCP,460,,,W,2400
20140329,SNOW,0,,,W,
20140329,SNWD,0,,,W,
20140329,AWND,48,,,W,
20140329,WDF2,70,,,W,
20140329,WDF5,60,,,W,
20140329,WSF2,103,,,W,
20140329,WSF5,157,,,W,
20140329,WT01,1,,,W,
20140330,TMAX,94,,,W,2400
20140330,TMIN,39,,,W,2400
20140330,PRCP,89,,,W,2400
20140330,SNOW,0,,,W,
20140330,SNWD,0,,,W,
20140330,AWND,45,,,W,
20140330,WDF2,10,,,W,
20140330,WDF5,30,,,W,
20140330,WSF2,94,,,W,
20140330,WSF5,134,,,W,
20140331,TMAX,133,,,W,2400
20140331,TMIN,22,,,W,2400
20140331,PRCP,41,,,W,2400
20140331,SNOW,0,T,,W,
20140331,SNWD,0,,,W,
20140331,AWND,37,,,W,
20140331,WDF2,340,,,W,
20140331,WDF5,10,,,W,
20140331,WSF2,58,,,W,
20140331,WSF5,112,,,W,
20140331,WT01,1,,,W,
20140401,TMAX,156,,,W,2400
20140401,TMIN,39,,,W,2400
20140401,PRCP,0,,,W,2400
20140401,SNOW,0,,,W,
20140401,SNWD,0,,,W,
20140401,AWND,21,,,W,
20140401,WDF2,20,,,W,
20140401,WDF5,20,,,W,
20140401,WSF2,76,,,W,
20140401,WSF5,107,,,W,
20140402,TMAX,122,,,W,2400
20140402,TMIN,56,,,W,2400
20140402,PRCP,0,,,W,2400
20140402,SNOW,0,,,W,
20140402,SNWD,0,,,W,
20140402,AWND,9,,,W,
20140402,WDF2,230,,,W,
20140402,WDF5,240,,,W,
20140402,WSF2,40,,,W,
20140402,WSF5,63,,,W,
20140403,TMAX,194,,,W,2400
20140403,TMIN,78,,,W,2400
20140403,PRCP,18,,,W,2400
20140403,SNOW,0,,,W,
20140403,SNWD,0,,,W,
20140403,AWND,17,,,W,
20140403,WDF2,190,,,W,
20140403,WDF5,190,,,W,
20140403,WSF2,45,,,W,
20140403,WSF5,67,,,W,
20140404,TMAX,83,,,W,2400
20140404,TMIN,44,,,W,2400
20140404,PRCP,53,,,W,2400
20140404,SNOW,0,,,W,
20140404,SNWD,0,,,W,
20140404,AWND,38,,,W,
20140404,WDF2,90,,,W,
20140404,WDF5,140,,,W,
20140404,WSF2,67,,,W,
20140404,WSF5,103,,,W,
20140405,TMAX,122,,,W,2400
20140405,TMIN,44,,,W,2400
20140405,PRCP,0,,,W,2400
20140405,SNOW,0,,,W,
20140405,SNWD,0,,,W,
20140405,AWND,38,,,W,
20140405,WDF2,280,,,W,
20140405,WDF5,290,,,W,
20140405,WSF2,89,,,W,
20140405,WSF5,161,,,W,
20140405,WT01,1,,,W,
20140406,TMAX,161,,,W,2400
20140406,TMIN,22,,,W,2400
20140406,PRCP,0,,,W,2400
20140406,SNOW,0,,,W,
20140406,SNWD,0,,,W,
20140406,AWND,19,,,W,
20140406,WDF2,280,,,W,
20140406,WDF5,310,,,W,
20140406,WSF2,58,,,W,
20140406,WSF5,81,,,W,
20140407,TMAX,117,,,W,2400
20140407,TMIN,61,,,W,2400
20140407,PRCP,132,,,W,2400
20140407,SNOW,0,,,W,
20140407,SNWD,0,,,W,
20140407,AWND,27,,,W,
20140407,WDF2,70,,,W,
20140407,WDF5,50,,,W,
20140407,WSF2,72,,,W,
20140407,WSF5,103,,,W,
20140408,TMAX,178,,,W,2400
20140408,TMIN,78,,,W,2400
20140408,PRCP,86,,,W,2400
20140408,SNOW,0,,,W,
20140408,SNWD,0,,,W,
20140408,AWND,31,,,W,
20140408,WDF2,290,,,W,
20140408,WDF5,250,,,W,
20140408,WSF2,76,,,W,
20140408,WSF5,134,,,W,
20140409,TMAX,161,,,W,2400
20140409,TMIN,72,,,W,2400
20140409,PRCP,0,,,W,2400
20140409,SNOW,0,,,W,
20140409,SNWD,0,,,W,
20140409,AWND,31,,,W,
20140409,WDF2,310,,,W,
20140409,WDF5,310,,,W,
20140409,WSF2,76,,,W,
20140409,WSF5,139,,,W,
20140410,TMAX,144,,,W,2400
20140410,TMIN,56,,,W,2400
20140410,PRCP,0,,,W,2400
20140410,SNOW,0,,,W,
20140410,SNWD,0,,,W,
20140410,AWND,31,,,W,
20140410,WDF2,170,,,W,
20140410,WDF5,180,,,W,
20140410,WSF2,72,,,W,
20140410,WSF5,125,,,W,
20140411,TMAX,239,,,W,2400
20140411,TMIN,133,,,W,2400
20140411,PRCP,0,,,W,2400
20140411,SNOW,0,,,W,
20140411,SNWD,0,,,W,
20140411,AWND,26,,,W,
20140411,WDF2,270,,,W,
20140411,WDF5,260,,,W,
20140411,WSF2,58,,,W,
20140411,WSF5,98,,,W,
20140412,TMAX,228,,,W,2400
20140412,TMIN,100,,,W,2400
20140412,PRCP,0,,,W,2400
20140412,SNOW,0,,,W,
20140412,SNWD,0,,,W,
20140412,AWND,19,,,W,
20140412,WDF2,210,,,W,
20140412,WDF5,180,,,W,
20140412,WSF2,63,,,W,
20140412,WSF5,94,,,W,
20140413,TMAX,250,,,W,2400
20140413,TMIN,122,,,W,2400
20140413,PRCP,0,,,W,2400
20140413,SNOW,0,,,W,
20140413,SNWD,0,,,W,
20140413,AWND,26,,,W,
20140413,WDF2,180,,,W,
20140413,WDF5,180,,,W,
20140413,WSF2,67,,,W,
20140413,WSF5,103,,,W,
20140414,TMAX,239,,,W,2400
20140414,TMIN,150,,,W,2400
20140414,PRCP,0,,,W,2400
20140414,SNOW,0,,,W,
20140414,SNWD,0,,,W,
20140414,AWND,33,,,W,
20140414,WDF2,180,,,W,
20140414,WDF5,180,,,W,
20140414,WSF2,76,,,W,
20140414,WSF5,134,,,W,
20140415,TMAX,172,,,W,2400
20140415,TMIN,6,,,W,2400
20140415,PRCP,180,,,W,2400
20140415,SNOW,0,T,,W,
20140415,SNWD,0,,,W,
20140415,AWND,39,,,W,
20140415,WDF2,310,,,W,
20140415,WDF5,320,,,W,
20140415,WSF2,76,,,W,
20140415,WSF5,134,,,W,
20140416,TMAX,94,,,W,2400
20140416,TMIN,-5,,,W,2400
20140416,PRCP,13,,,W,2400
20140416,SNOW,0,T,,W,
20140416,SNWD,0,,,W,
20140416,AWND,34,,,W,
20140416,WDF2,310,,,W,
20140416,WDF5,300,,,W,
20140416,WSF2,72,,,W,
20140416,WSF5,139,,,W,
20140416,WT01,1,,,W,
20140417,TMAX,89,,,W,2400
20140417,TMIN,22,,,W,2400
20140417,PRCP,0,,,W,2400
20140417,SNOW,0,,,W,
20140417,SNWD,0,,,W,
20140417,AWND,35,,,W,
20140417,WDF2,60,,,W,
20140417,WDF5,50,,,W,
20140417,WSF2,76,,,W,
20140417,WSF5,98,,,W,
20140418,TMAX,94,,,W,2400
20140418,TMIN,17,,,W,2400
20140418,PRCP,0,,,W,2400
20140418,SNOW,0,,,W,
20140418,SNWD,0,,,W,
20140418,AWND,24,,,W,
20140418,WDF2,70,,,W,
20140418,WDF5,40,,,W,
20140418,WSF2,63,,,W,
20140418,WSF5,89,,,W,
20140419,TMAX,200,,,W,2400
20140419,TMIN,50,,,W,2400
20140419,PRCP,0,,,W,2400
20140419,SNOW,0,,,W,
20140419,SNWD,0,,,W,
20140419,AWND,25,,,W,
20140419,WDF2,50,,,W,
20140419,WDF5,50,,,W,
20140419,WSF2,72,,,W,
20140419,WSF5,94,,,W,
20140420,TMAX,156,,,W,2400
20140420,TMIN,72,,,W,2400
20140420,PRCP,0,,,W,2400
20140420,SNOW,0,,,W,
20140420,SNWD,0,,,W,
20140420,AWND,28,,,W,
20140420,WDF2,70,,,W,
20140420,WDF5,60,,,W,
20140420,WSF2,72,,,W,
20140420,WSF5,112,,,W,
20140421,TMAX,194,,,W,2400
20140421,TMIN,50,,,W,2400
20140421,PRCP,0,,,W,2400
20140421,SNOW,0,,,W,
20140421,SNWD,0,,,W,
20140421,AWND,19,,,W,
20140421,WDF2,150,,,W,
20140421,WDF5,150,,,W,
20140421,WSF2,58,,,W,
20140421,WSF5,81,,,W,
20140422,TMAX,217,,,W,2400
20140422,TMIN,106,,,W,2400
20140422,PRCP,3,,,W,2400
20140422,SNOW,0,,,W,
20140422,SNWD,0,,,W,
20140422,AWND,25,,,W,
20140422,WDF2,240,,,W,
20140422,WDF5,240,,,W,
20140422,WSF2,58,,,W,
20140422,WSF5,94,,,W,
20140423,TMAX,161,,,W,2400
20140423,TMIN,67,,,W,2400
20140423,PRCP,0,,,W,2400
20140423,SNOW,0,,,W,
20140423,SNWD,0,,,W,
20140423,AWND,42,,,W,
20140423,WDF2,310,,,W,
20140423,WDF5,300,,,W,
20140423,WSF2,94,,,W,
20140423,WSF5,161,,,W,
20140424,TMAX,167,,,W,2400
20140424,TMIN,56,,,W,2400
20140424,PRCP,0,,,W,2400
20140424,SNOW,0,,,W,
20140424,SNWD,0,,,W,
20140424,AWND,38,,,W,
20140424,WDF2,310,,,W,
20140424,WDF5,310,,,W,
20140424,WSF2,81,,,W,
20140424,WSF5,139,,,W,
20140425,TMAX,172,,,W,2400
20140425,TMIN,67,,,W,2400
20140425,PRCP,5,,,W,2400
20140425,SNOW,0,,,W,
20140425,SNWD,0,,,W,
20140425,AWND,22,,,W,
20140425,WDF2,170,,,W,
20140425,WDF5,180,,,W,
20140425,WSF2,72,,,W,
20140425,WSF5,103,,,W,
20140426,TMAX,194,,,W,2400
20140426,TMIN,78,,,W,2400
20140426,PRCP,234,,,W,2400
20140426,SNOW,0,,,W,
20140426,SNWD,0,,,W,
20140426,AWND,24,,,W,
20140426,WDF2,170,,,W,
20140426,WDF5,290,,,W,
20140426,WSF2,63,,,W,
20140426,WSF5,94,,,W,
20140427,TMAX,150,,,W,2400
20140427,TMIN,83,,,W,2400
20140427,PRCP,0,,,W,2400
20140427,SNOW,0,,,W,
20140427,SNWD,0,,,W,
20140427,AWND,26,,,W,
20140427,WDF2,10,,,W,
20140427,WDF5,300,,,W,
20140427,WSF2,72,,,W,
20140427,WSF5,98,,,W,
20140428,TMAX,194,,,W,2400
20140428,TMIN,72,,,W,2400
20140428,PRCP,0,,,W,2400
20140428,SNOW,0,,,W,
20140428,SNWD,0,,,W,
20140428,AWND,19,,,W,
20140428,WDF2,30,,,W,
20140428,WDF5,40,,,W,
20140428,WSF2,63,,,W,
20140428,WSF5,89,,,W,
20140429,TMAX,111,,,W,2400
20140429,TMIN,61,,,W,2400
20140429,PRCP,8,,,W,2400
20140429,SNOW,0,,,W,
20140429,SNWD,0,,,W,
20140429,AWND,40,,,W,
20140429,WDF2,110,,,W,
20140429,WDF5,140,,,W,
20140429,WSF2,72,,,W,
20140429,WSF5,116,,,W,
20140430,TMAX,111,,,W,2400
20140430,TMIN,50,,,W,2400
20140430,PRCP,1262,,,W,2400
20140430,SNOW,0,,,W,
20140430,SNWD,0,,,W,
20140430,AWND,37,,,W,
20140430,WDF2,70,,,W,
20140430,WDF5,110,,,W,
20140430,WSF2,81,,,W,
20140430,WSF5,116,,,W,
20140430,WT01,1,,,W,
20140501,TMAX,256,,,W,2400
20140501,TMIN,106,,,W,2400
20140501,PRCP,30,,,W,2400
20140501,SNOW,0,,,W,
20140501,SNWD,0,,,W,
20140501,AWND,20,,,W,
20140501,WDF2,290,,,W,
20140501,WDF5,300,,,W,
20140501,WSF2,58,,,W,
20140501,WSF5,89,,,W,
20140502,TMAX,211,,,W,2400
20140502,TMIN,133,,,W,2400
20140502,PRCP,0,T,,W,2400
20140502,SNOW,0,,,W,
20140502,SNWD,0,,,W,
20140502,AWND,20,,,W,
20140502,WDF2,290,,,W,
20140502,WDF5,280,,,W,
20140502,WSF2,72,,,W,
20140502,WSF5,116,,,W,
20140503,TMAX,217,,,W,2400
20140503,TMIN,122,,,W,2400
20140503,PRCP,20,,,W,2400
20140503,SNOW,0,,,W,
20140503,SNWD,0,,,W,
20140503,AWND,15,,,W,
20140503,WDF2,280,,,W,
20140503,WDF5,290,,,W,
20140503,WSF2,54,,,W,
20140503,WSF5,89,,,W,
20140504,TMAX,183,,,W,2400
20140504,TMIN,122,,,W,2400
20140504,PRCP,5,,,W,2400
20140504,SNOW,0,,,W,
20140504,SNWD,0,,,W,
20140504,AWND,37,,,W,
20140504,WDF2,280,,,W,
20140504,WDF5,290,,,W,
20140504,WSF2,94,,,W,
20140504,WSF5,152,,,W,
20140505,TMAX,211,,,W,2400
20140505,TMIN,100,,,W,2400
20140505,PRCP,0,,,W,2400
20140505,SNOW,0,,,W,
20140505,SNWD,0,,,W,
20140505,AWND,33,,,W,
20140505,WDF2,310,,,W,
20140505,WDF5,310,,,W,
20140505,WSF2,72,,,W,
20140505,WSF5,125,,,W,
20140506,TMAX,217,,,W,2400
20140506,TMIN,111,,,W,2400
20140506,PRCP,0,,,W,2400
20140506,SNOW,0,,,W,
20140506,SNWD,0,,,W,
20140506,AWND,17,,,W,
20140506,WDF2,310,,,W,
20140506,WDF5,10,,,W,
20140506,WSF2,58,,,W,
20140506,WSF5,98,,,W,
20140507,TMAX,206,,,W,2400
20140507,TMIN,100,,,W,2400
20140507,PRCP,0,,,W,2400
20140507,SNOW,0,,,W,
20140507,SNWD,0,,,W,
20140507,AWND,18,,,W,
20140507,WDF2,180,,,W,
20140507,WDF5,180,,,W,
20140507,WSF2,58,,,W,
20140507,WSF5,89,,,W,
20140508,TMAX,150,,,W,2400
20140508,TMIN,117,,,W,2400
20140508,PRCP,104,,,W,2400
20140508,SNOW,0,,,W,
20140508,SNWD,0,,,W,
20140508,AWND,20,,,W,
20140508,WDF2,60,,,W,
20140508,WSF2,36,,,W,
20140509,TMAX,172,,,W,2400
20140509,TMIN,128,,,W,2400
20140509,PRCP,10,,,W,2400
20140509,SNOW,0,,,W,
20140509,SNWD,0,,,W,
20140509,AWND,14,,,W,
20140509,WDF2,70,,,W,
20140509,WDF5,80,,,W,
20140509,WSF2,58,,,W,
20140509,WSF5,76,,,W,
20140510,TMAX,283,,,W,2400
20140510,TMIN,139,,,W,2400
20140510,PRCP,94,,,W,2400
20140510,SNOW,0,,,W,
20140510,SNWD,0,,,W,
20140510,AWND,20,,,W,
20140510,WDF2,320,,,W,
20140510,WDF5,270,,,W,
20140510,WSF2,76,,,W,
20140510,WSF5,139,,,W,
20140511,TMAX,278,,,W,2400
20140511,TMIN,156,,,W,2400
20140511,PRCP,8,,,W,2400
20140511,SNOW,0,,,W,
20140511,SNWD,0,,,W,
20140511,AWND,14,,,W,
20140511,WDF2,270,,,W,
20140511,WDF5,290,,,W,
20140511,WSF2,58,,,W,
20140511,WSF5,85,,,W,
20140511,WT01,1,,,W,
20140512,TMAX,294,,,W,2400
20140512,TMIN,178,,,W,2400
20140512,PRCP,0,,,W,2400
20140512,SNOW,0,,,W,
20140512,SNWD,0,,,W,
20140512,AWND,8,,,W,
20140512,WDF2,170,,,W,
20140512,WDF5,150,,,W,
20140512,WSF2,45,,,W,
20140512,WSF5,81,,,W,
20140513,TMAX,228,,,W,2400
20140513,TMIN,117,,,W,2400
20140513,PRCP,0,,,W,2400
20140513,SNOW,0,,,W,
20140513,SNWD,0,,,W,
20140513,AWND,32,,,W,
20140513,WDF2,60,,,W,
20140513,WDF5,80,,,W,
20140513,WSF2,89,,,W,
20140513,WSF5,125,,,W,
20140513,WT08,1,,,W,
20140514,TMAX,217,,,W,2400
20140514,TMIN,111,,,W,2400
20140514,PRCP,3,,,W,2400
20140514,SNOW,0,,,W,
20140514,SNWD,0,,,W,
20140514,AWND,21,,,W,
20140514,WDF2,70,,,W,
20140514,WDF5,40,,,W,
20140514,WSF2,45,,,W,
20140514,WSF5,72,,,W,
20140515,TMAX,217,,,W,2400
20140515,TMIN,144,,,W,2400
20140515,PRCP,38,,,W,2400
20140515,SNOW,0,,,W,
20140515,SNWD,0,,,W,
20140515,AWND,24,,,W,
20140515,WDF2,160,,,W,
20140515,WDF5,170,,,W,
20140515,WSF2,58,,,W,
20140515,WSF5,98,,,W,
20140516,TMAX,200,,,W,2400
20140516,TMIN,144,,,W,2400
20140516,PRCP,391,,,W,2400
20140516,SNOW,0,,,W,
20140516,SNWD,0,,,W,
20140516,AWND,29,,,W,
20140516,WDF2,160,,,W,
20140516,WDF5,170,,,W,
20140516,WSF2,72,,,W,
20140516,WSF5,139,,,W,
20140517,TMAX,211,,,W,2400
20140517,TMIN,117,,,W,2400
20140517,PRCP,0,,,W,2400
20140517,SNOW,0,,,W,
20140517,SNWD,0,,,W,
20140517,AWND,22,,,W,
20140517,WDF2,250,,,W,
20140517,WDF5,250,,,W,
20140517,WSF2,58,,,W,
20140517,WSF5,89,,,W,
20140518,TMAX,194,,,W,2400
20140518,TMIN,106,,,W,2400
20140518,PRCP,0,,,W,2400
20140518,SNOW,0,,,W,
20140518,SNWD,0,,,W,
20140518,AWND,26,,,W,
20140518,WDF2,300,,,W,
20140518,WDF5,50,,,W,
20140518,WSF2,54,,,W,
20140518,WSF5,85,,,W,
20140519,TMAX,222,,,W,2400
20140519,TMIN,94,,,W,2400
20140519,PRCP,0,,,W,2400
20140519,SNOW,0,,,W,
20140519,SNWD,0,,,W,
20140519,AWND,21,,,W,
20140519,WDF2,310,,,W,
20140519,WDF5,280,,,W,
20140519,WSF2,63,,,W,
20140519,WSF5,125,,,W,
20140520,TMAX,256,,,W,2400
20140520,TMIN,117,,,W,2400
20140520,PRCP,0,,,W,2400
20140520,SNOW,0,,,W,
20140520,SNWD,0,,,W,
20140520,AWND,14,,,W,
20140520,WDF2,290,,,W,
20140520,WDF5,270,,,W,
20140520,WSF2,58,,,W,
20140520,WSF5,98,,,W,
20140521,TMAX,233,,,W,2400
20140521,TMIN,172,,,W,2400
20140521,PRCP,0,,,W,2400
20140521,SNOW,0,,,W,
20140521,SNWD,0,,,W,
20140521,AWND,11,,,W,
20140521,WDF2,290,,,W,
20140521,WDF5,270,,,W,
20140521,WSF2,45,,,W,
20140521,WSF5,67,,,W,
20140522,TMAX,194,,,W,2400
20140522,TMIN,150,,,W,2400
20140522,PRCP,61,,,W,2400
20140522,SNOW,0,,,W,
20140522,SNWD,0,,,W,
20140522,AWND,14,,,W,
20140522,WDF2,120,,,W,
20140522,WDF5,120,,,W,
20140522,WSF2,45,,,W,
20140522,WSF5,67,,,W,
20140523,TMAX,217,,,W,2400
20140523,TMIN,133,,,W,2400
20140523,PRCP,231,,,W,2400
20140523,SNOW,0,,,W,
20140523,SNWD,0,,,W,
20140523,AWND,19,,,W,
20140523,WDF2,260,,,W,
20140523,WDF5,250,,,W,
20140523,WSF2,58,,,W,
20140523,WSF5,89,,,W,
20140524,TMAX,211,,,W,2400
20140524,TMIN,139,,,W,2400
20140524,PRCP,102,,,W,2400
20140524,SNOW,0,,,W,
20140524,SNWD,0,,,W,
20140524,AWND,16,,,W,
20140524,WDF2,60,,,W,
20140524,WDF5,20,,,W,
20140524,WSF2,54,,,W,
20140524,WSF5,63,,,W,
20140525,TMAX,267,,,W,2400
20140525,TMIN,128,,,W,2400
20140525,PRCP,0,,,W,2400
20140525,SNOW,0,,,W,
20140525,SNWD,0,,,W,
20140525,AWND,9,,,W,
20140525,WDF2,60,,,W,
20140525,WDF5,290,,,W,
20140525,WSF2,45,,,W,
20140525,WSF5,72,,,W,
20140526,TMAX,300,,,W,2400
20140526,TMIN,189,,,W,2400
20140526,PRCP,0,,,W,2400
20140526,SNOW,0,,,W,
20140526,SNWD,0,,,W,
20140526,AWND,22,,,W,
20140526,WDF2,260,,,W,
20140526,WDF5,290,,,W,
20140526,WSF2,63,,,W,
20140526,WSF5,94,,,W,
20140527,TMAX,300,,,W,2400
20140527,TMIN,178,,,W,2400
20140527,PRCP,0,T,,W,2400
20140527,SNOW,0,,,W,
20140527,SNWD,0,,,W,
20140527,AWND,19,,,W,
20140527,WDF2,260,,,W,
20140527,WDF5,270,,,W,
20140527,WSF2,72,,,W,
20140527,WSF5,130,,,W,
20140528,TMAX,178,,,W,2400
20140528,TMIN,122,,,W,2400
20140528,PRCP,0,,,W,2400
20140528,SNOW,0,,,W,
20140528,SNWD,0,,,W,
20140528,AWND,34,,,W,
20140528,WDF2,60,,,W,
20140528,WDF5,70,,,W,
20140528,WSF2,72,,,W,
20140528,WSF5,98,,,W,
20140529,TMAX,189,,,W,2400
20140529,TMIN,106,,,W,2400
20140529,PRCP,0,,,W,2400
20140529,SNOW,0,,,W,
20140529,SNWD,0,,,W,
20140529,AWND,19,,,W,
20140529,WDF2,60,,,W,
20140529,WDF5,180,,,W,
20140529,WSF2,58,,,W,
20140529,WSF5,89,,,W,
20140530,TMAX,239,,,W,2400
20140530,TMIN,128,,,W,2400
20140530,PRCP,0,T,,W,2400
20140530,SNOW,0,,,W,
20140530,SNWD,0,,,W,
20140530,AWND,11,,,W,
20140530,WDF2,50,,,W,
20140530,WDF5,50,,,W,
20140530,WSF2,72,,,W,
20140530,WSF5,94,,,W,
20140530,WT08,1,,,W,
20140531,TMAX,228,,,W,2400
20140531,TMIN,139,,,W,2400
20140531,PRCP,13,,,W,2400
20140531,SNOW,0,,,W,
20140531,SNWD,0,,,W,
20140531,AWND,26,,,W,
20140531,WDF2,60,,,W,
20140531,WDF5,50,,,W,
20140531,WSF2,89,,,W,
20140531,WSF5,125,,,W,
20140601,TMAX,250,,,W,2400
20140601,TMIN,128,,,W,2400
20140601,PRCP,0,,,W,2400
20140601,SNOW,0,,,W,
20140601,SNWD,0,,,W,
20140601,AWND,16,,,W,
20140601,WDF2,250,,,W,
20140601,WDF5,250,,,W,
20140601,WSF2,45,,,W,
20140601,WSF5,81,,,W,
20140602,TMAX,267,,,W,2400
20140602,TMIN,150,,,W,2400
20140602,PRCP,0,,,W,2400
20140602,SNOW,0,,,W,
20140602,SNWD,0,,,W,
20140602,AWND,20,,,W,
20140602,WDF2,170,,,W,
20140602,WDF5,150,,,W,
20140602,WSF2,45,,,W,
20140602,WSF5,85,,,W,
20140603,TMAX,306,,,W,2400
20140603,TMIN,183,,,W,2400
20140603,PRCP,30,,,W,2400
20140603,SNOW,0,,,W,
20140603,SNWD,0,,,W,
20140603,AWND,18,,,W,
20140603,WDF2,160,,,W,
20140603,WDF5,170,,,W,
20140603,WSF2,58,,,W,
20140603,WSF5,98,,,W,
20140603,WT01,1,,,W,
20140604,TMAX,278,,,W,2400
20140604,TMIN,172,,,W,2400
20140604,PRCP,0,,,W,2400
20140604,SNOW,0,,,W,
20140604,SNWD,0,,,W,
20140604,AWND,16,,,W,
20140604,WDF2,70,,,W,
20140604,WDF5,150,,,W,
20140604,WSF2,45,,,W,
20140604,WSF5,72,,,W,
20140605,TMAX,244,,,W,2400
20140605,TMIN,161,,,W,2400
20140605,PRCP,221,,,W,2400
20140605,SNOW,0,,,W,
20140605,SNWD,0,,,W,
20140605,AWND,25,,,W,
20140605,WDF2,10,,,W,
20140605,WDF5,310,,,W,
20140605,WSF2,58,,,W,
20140605,WSF5,89,,,W,
20140605,WT01,1,,,W,
20140606,TMAX,244,,,W,2400
20140606,TMIN,161,,,W,2400
20140606,PRCP,0,,,W,2400
20140606,SNOW,0,,,W,
20140606,SNWD,0,,,W,
20140606,AWND,20,,,W,
20140606,WDF2,310,,,W,
20140606,WDF5,290,,,W,
20140606,WSF2,45,,,W,
20140606,WSF5,89,,,W,
20140607,TMAX,278,,,W,2400
20140607,TMIN,156,,,W,2400
20140607,PRCP,0,,,W,2400
20140607,SNOW,0,,,W,
20140607,SNWD,0,,,W,
20140607,AWND,13,,,W,
20140607,WDF2,240,,,W,
20140607,WDF5,240,,,W,
20140607,WSF2,40,,,W,
20140607,WSF5,67,,,W,
20140608,TMAX,300,,,W,2400
20140608,TMIN,189,,,W,2400
20140608,PRCP,0,,,W,2400
20140608,SNOW,0,,,W,
20140608,SNWD,0,,,W,
20140608,AWND,13,,,W,
20140608,WDF2,250,,,W,
20140608,WDF5,260,,,W,
20140608,WSF2,58,,,W,
20140608,WSF5,85,,,W,
20140609,TMAX,228,,,W,2400
20140609,TMIN,172,,,W,2400
20140609,PRCP,406,,,W,2400
20140609,SNOW,0,,,W,
20140609,SNWD,0,,,W,
20140609,AWND,19,,,W,
20140609,WDF2,70,,,W,
20140609,WDF5,140,,,W,
20140609,WSF2,40,,,W,
20140609,WSF5,67,,,W,
20140609,WT01,1,,,W,
20140610,TMAX,250,,,W,2400
20140610,TMIN,183,,,W,2400
20140610,PRCP,0,,,W,2400
20140610,SNOW,0,,,W,
20140610,SNWD,0,,,W,
20140610,AWND,15,,,W,
20140610,WDF2,110,,,W,
20140610,WDF5,110,,,W,
20140610,WSF2,36,,,W,
20140610,WSF5,49,,,W,
20140611,TMAX,211,,,W,2400
20140611,TMIN,161,,,W,2400
20140611,PRCP,5,,,W,2400
20140611,SNOW,0,,,W,
20140611,SNWD,0,,,W,
20140611,AWND,32,,,W,
20140611,WDF2,80,,,W,
20140611,WDF5,50,,,W,
20140611,WSF2,72,,,W,
20140611,WSF5,103,,,W,
20140612,TMAX,228,,,W,2400
20140612,TMIN,156,,,W,2400
20140612,PRCP,18,,,W,2400
20140612,SNOW,0,,,W,
20140612,SNWD,0,,,W,
20140612,AWND,25,,,W,
20140612,WDF2,60,,,W,
20140612,WDF5,90,,,W,
20140612,WSF2,45,,,W,
20140612,WSF5,67,,,W,
20140613,TMAX,261,,,W,2400
20140613,TMIN,183,,,W,2400
20140613,PRCP,325,,,W,2400
20140613,SNOW,0,,,W,
20140613,SNWD,0,,,W,
20140613,AWND,16,,,W,
20140613,WDF2,310,,,W,
20140613,WDF5,310,,,W,
20140613,WSF2,40,,,W,
20140613,WSF5,76,,,W,
20140614,TMAX,233,,,W,2400
20140614,TMIN,156,,,W,2400
20140614,PRCP,0,,,W,2400
20140614,SNOW,0,,,W,
20140614,SNWD,0,,,W,
20140614,AWND,21,,,W,
20140614,WDF2,310,,,W,
20140614,WDF5,290,,,W,
20140614,WSF2,63,,,W,
20140614,WSF5,116,,,W,
20140614,WT01,1,,,W,
20140615,TMAX,267,,,W,2400
20140615,TMIN,150,,,W,2400
20140615,PRCP,0,,,W,2400
20140615,SNOW,0,,,W,
20140615,SNWD,0,,,W,
20140615,AWND,19,,,W,
20140615,WDF2,360,,,W,
20140615,WDF5,290,,,W,
20140615,WSF2,54,,,W,
20140615,WSF5,81,,,W,
20140616,TMAX,272,,,W,2400
20140616,TMIN,172,,,W,2400
20140616,PRCP,0,,,W,2400
20140616,SNOW,0,,,W,
20140616,SNWD,0,,,W,
20140616,AWND,13,,,W,
20140616,WDF2,160,,,W,
20140616,WDF5,180,,,W,
20140616,WSF2,54,,,W,
20140616,WSF5,81,,,W,
20140617,TMAX,317,,,W,2400
20140617,TMIN,217,,,W,2400
20140617,PRCP,0,,,W,2400
20140617,SNOW,0,,,W,
20140617,SNWD,0,,,W,
20140617,AWND,18,,,W,
20140617,WDF2,240,,,W,
20140617,WDF5,260,,,W,
20140617,WSF2,40,,,W,
20140617,WSF5,72,,,W,
20140618,TMAX,317,,,W,2400
20140618,TMIN,244,,,W,2400
20140618,PRCP,0,,,W,2400
20140618,SNOW,0,,,W,
20140618,SNWD,0,,,W,
20140618,AWND,26,,,W,
20140618,WDF2,310,,,W,
20140618,WDF5,290,,,W,
20140618,WSF2,63,,,W,
20140618,WSF5,107,,,W,
20140619,TMAX,250,,,W,2400
20140619,TMIN,200,,,W,2400
20140619,PRCP,38,,,W,2400
20140619,SNOW,0,,,W,
20140619,SNWD,0,,,W,
20140619,AWND,17,,,W,
20140619,WDF2,10,,,W,
20140619,WDF5,40,,,W,
20140619,WSF2,45,,,W,
20140619,WSF5,76,,,W,
20140619,WT01,1,,,W,
20140620,TMAX,261,,,W,2400
20140620,TMIN,178,,,W,2400
20140620,PRCP,0,,,W,2400
20140620,SNOW,0,,,W,
20140620,SNWD,0,,,W,
20140620,AWND,20,,,W,
20140620,WDF2,50,,,W,
20140620,WDF5,320,,,W,
20140620,WSF2,54,,,W,
20140620,WSF5,85,,,W,
20140621,TMAX,256,,,W,2400
20140621,TMIN,167,,,W,2400
20140621,PRCP,0,,,W,2400
20140621,SNOW,0,,,W,
20140621,SNWD,0,,,W,
20140621,AWND,22,,,W,
20140621,WDF2,70,,,W,
20140621,WDF5,50,,,W,
20140621,WSF2,58,,,W,
20140621,WSF5,81,,,W,
20140622,TMAX,261,,,W,2400
20140622,TMIN,178,,,W,2400
20140622,PRCP,0,,,W,2400
20140622,SNOW,0,,,W,
20140622,SNWD,0,,,W,
20140622,AWND,9,,,W,
20140622,WDF2,160,,,W,
20140622,WDF5,170,,,W,
20140622,WSF2,40,,,W,
20140622,WSF5,67,,,W,
20140623,TMAX,272,,,W,2400
20140623,TMIN,183,,,W,2400
20140623,PRCP,0,,,W,2400
20140623,SNOW,0,,,W,
20140623,SNWD,0,,,W,
20140623,AWND,12,,,W,
20140623,WDF2,260,,,W,
20140623,WDF5,170,,,W,
20140623,WSF2,54,,,W,
20140623,WSF5,85,,,W,
20140624,TMAX,272,,,W,2400
20140624,TMIN,200,,,W,2400
20140624,PRCP,0,,,W,2400
20140624,SNOW,0,,,W,
20140624,SNWD,0,,,W,
20140624,AWND,22,,,W,
20140624,WDF2,170,,,W,
20140624,WDF5,170,,,W,
20140624,WSF2,54,,,W,
20140624,WSF5,94,,,W,
20140625,TMAX,294,,,W,2400
20140625,TMIN,211,,,W,2400
20140625,PRCP,20,,,W,2400
20140625,SNOW,0,,,W,
20140625,SNWD,0,,,W,
20140625,AWND,22,,,W,
20140625,WDF2,180,,,W,
20140625,WDF5,250,,,W,
20140625,WSF2,54,,,W,
20140625,WSF5,107,,,W,
20140625,WT01,1,,,W,
20140626,TMAX,294,,,W,2400
20140626,TMIN,211,,,W,2400
20140626,PRCP,18,,,W,2400
20140626,SNOW,0,,,W,
20140626,SNWD,0,,,W,
20140626,AWND,21,,,W,
20140626,WDF2,70,,,W,
20140626,WDF5,60,,,W,
20140626,WSF2,58,,,W,
20140626,WSF5,76,,,W,
20140626,WT01,1,,,W,
20140627,TMAX,283,,,W,2400
20140627,TMIN,194,,,W,2400
20140627,PRCP,0,,,W,2400
20140627,SNOW,0,,,W,
20140627,SNWD,0,,,W,
20140627,AWND,13,,,W,
20140627,WDF2,120,,,W,
20140627,WDF5,140,,,W,
20140627,WSF2,58,,,W,
20140627,WSF5,81,,,W,
20140628,TMAX,306,,,W,2400
20140628,TMIN,189,,,W,2400
20140628,PRCP,0,,,W,2400
20140628,SNOW,0,,,W,
20140628,SNWD,0,,,W,
20140628,AWND,13,,,W,
20140628,WDF2,170,,,W,
20140628,WDF5,160,,,W,
20140628,WSF2,54,,,W,
20140628,WSF5,89,,,W,
20140629,TMAX,283,,,W,2400
20140629,TMIN,200,,,W,2400
20140629,PRCP,0,,,W,2400
20140629,SNOW,0,,,W,
20140629,SNWD,0,,,W,
20140629,AWND,12,,,W,
20140629,WDF2,190,,,W,
20140629,WDF5,160,,,W,
20140629,WSF2,54,,,W,
20140629,WSF5,81,,,W,
20140630,TMAX,289,,,W,2400
20140630,TMIN,206,,,W,2400
20140630,PRCP,0,,,W,2400
20140630,SNOW,0,,,W,
20140630,SNWD,0,,,W,
20140630,AWND,12,,,W,
20140630,WDF2,160,,,W,
20140630,WDF5,180,,,W,
20140630,WSF2,45,,,W,
20140630,WSF5,89,,,W,
20140701,TMAX,317,,,W,2400
20140701,TMIN,222,,,W,2400
20140701,PRCP,0,,,W,2400
20140701,SNOW,0,,,W,
20140701,SNWD,0,,,W,
20140701,AWND,23,,,W,
20140701,WDF2,150,,,W,
20140701,WDF5,240,,,W,
20140701,WSF2,63,,,W,
20140701,WSF5,103,,,W,
20140702,TMAX,328,,,W,2400
20140702,TMIN,222,,,W,2400
20140702,PRCP,244,,,W,2400
20140702,SNOW,0,,,W,
20140702,SNWD,0,,,W,
20140702,AWND,17,,,W,
20140702,WDF2,30,,,W,
20140702,WDF5,160,,,W,
20140702,WSF2,67,,,W,
20140702,WSF5,116,,,W,
20140703,TMAX,306,,,W,2400
20140703,TMIN,206,,,W,2400
20140703,PRCP,452,,,W,2400
20140703,SNOW,0,,,W,
20140703,SNWD,0,,,W,
20140703,AWND,13,,,W,
20140703,WDF2,320,,,W,
20140703,WDF5,280,,,W,
20140703,WSF2,54,,,W,
20140703,WSF5,112,,,W,
20140704,TMAX,233,,,W,2400
20140704,TMIN,183,,,W,2400
20140704,PRCP,36,,,W,2400
20140704,SNOW,0,,,W,
20140704,SNWD,0,,,W,
20140704,AWND,24,,,W,
20140704,WDF2,310,,,W,
20140704,WDF5,290,,,W,
20140704,WSF2,63,,,W,
20140704,WSF5,112,,,W,
20140704,WT01,1,,,W,
20140705,TMAX,272,,,W,2400
20140705,TMIN,172,,,W,2400
20140705,PRCP,0,,,W,2400
20140705,SNOW,0,,,W,
20140705,SNWD,0,,,W,
20140705,AWND,30,,,W,
20140705,WDF2,290,,,W,
20140705,WDF5,310,,,W,
20140705,WSF2,67,,,W,
20140705,WSF5,107,,,W,
20140706,TMAX,289,,,W,2400
20140706,TMIN,189,,,W,2400
20140706,PRCP,0,,,W,2400
20140706,SNOW,0,,,W,
20140706,SNWD,0,,,W,
20140706,AWND,22,,,W,
20140706,WDF2,250,,,W,
20140706,WDF5,250,,,W,
20140706,WSF2,76,,,W,
20140706,WSF5,103,,,W,
20140707,TMAX,322,,,W,2400
20140707,TMIN,222,,,W,2400
20140707,PRCP,10,,,W,2400
20140707,SNOW,0,,,W,
20140707,SNWD,0,,,W,
20140707,AWND,26,,,W,
20140707,WDF2,260,,,W,
20140707,WDF5,240,,,W,
20140707,WSF2,63,,,W,
20140707,WSF5,112,,,W,
20140707,WT01,1,,,W,
20140708,TMAX,328,,,W,2400
20140708,TMIN,217,,,W,2400
20140708,PRCP,99,,,W,2400
20140708,SNOW,0,,,W,
20140708,SNWD,0,,,W,
20140708,AWND,21,,,W,
20140708,WDF2,240,,,W,
20140708,WDF5,260,,,W,
20140708,WSF2,67,,,W,
20140708,WSF5,148,,,W,
20140709,TMAX,311,,,W,2400
20140709,TMIN,217,,,W,2400
20140709,PRCP,23,,,W,2400
20140709,SNOW,0,,,W,
20140709,SNWD,0,,,W,
20140709,AWND,19,,,W,
20140709,WDF2,250,,,W,
20140709,WDF5,330,,,W,
20140709,WSF2,58,,,W,
20140709,WSF5,94,,,W,
20140710,TMAX,283,,,W,2400
20140710,TMIN,222,,,W,2400
20140710,PRCP,0,,,W,2400
20140710,SNOW,0,,,W,
20140710,SNWD,0,,,W,
20140710,AWND,13,,,W,
20140710,WDF2,80,,,W,
20140710,WDF5,170,,,W,
20140710,WSF2,45,,,W,
20140710,WSF5,76,,,W,
20140711,TMAX,300,,,W,2400
20140711,TMIN,217,,,W,2400
20140711,PRCP,0,,,W,2400
20140711,SNOW,0,,,W,
20140711,SNWD,0,,,W,
20140711,AWND,18,,,W,
20140711,WDF2,70,,,W,
20140711,WDF5,80,,,W,
20140711,WSF2,45,,,W,
20140711,WSF5,63,,,W,
20140712,TMAX,294,,,W,2400
20140712,TMIN,217,,,W,2400
20140712,PRCP,0,,,W,2400
20140712,SNOW,0,,,W,
20140712,SNWD,0,,,W,
20140712,AWND,15,,,W,
20140712,WDF2,180,,,W,
20140712,WDF5,200,,,W,
20140712,WSF2,45,,,W,
20140712,WSF5,89,,,W,
20140713,TMAX,283,,,W,2400
20140713,TMIN,222,,,W,2400
20140713,PRCP,8,,,W,2400
20140713,SNOW,0,,,W,
20140713,SNWD,0,,,W,
20140713,AWND,23,,,W,
20140713,WDF2,160,,,W,
20140713,WDF5,250,,,W,
20140713,WSF2,40,,,W,
20140713,WSF5,72,,,W,
20140714,TMAX,289,,,W,2400
20140714,TMIN,222,,,W,2400
20140714,PRCP,117,,,W,2400
20140714,SNOW,0,,,W,
20140714,SNWD,0,,,W,
20140714,AWND,20,,,W,
20140714,WDF2,180,,,W,
20140714,WDF5,280,,,W,
20140714,WSF2,54,,,W,
20140714,WSF5,94,,,W,
20140715,TMAX,300,,,W,2400
20140715,TMIN,222,,,W,2400
20140715,PRCP,330,,,W,2400
20140715,SNOW,0,,,W,
20140715,SNWD,0,,,W,
20140715,AWND,12,,,W,
20140715,WDF2,280,,,W,
20140715,WDF5,290,,,W,
20140715,WSF2,58,,,W,
20140715,WSF5,85,,,W,
20140716,TMAX,272,,,W,2400
20140716,TMIN,200,,,W,2400
20140716,PRCP,0,T,,W,2400
20140716,SNOW,0,,,W,
20140716,SNWD,0,,,W,
20140716,AWND,17,,,W,
20140716,WDF2,20,,,W,
20140716,WDF5,290,,,W,
20140716,WSF2,45,,,W,
20140716,WSF5,72,,,W,
20140716,WT01,1,,,W,
20140717,TMAX,272,,,W,2400
20140717,TMIN,194,,,W,2400
20140717,PRCP,0,,,W,2400
20140717,SNOW,0,,,W,
20140717,SNWD,0,,,W,
20140717,AWND,18,,,W,
20140717,WDF2,290,,,W,
20140717,WDF5,290,,,W,
20140717,WSF2,45,,,W,
20140717,WSF5,72,,,W,
20140718,TMAX,272,,,W,2400
20140718,TMIN,178,,,W,2400
20140718,PRCP,0,,,W,2400
20140718,SNOW,0,,,W,
20140718,SNWD,0,,,W,
20140718,AWND,18,,,W,
20140718,WDF2,30,,,W,
20140718,WSF2,40,,,W,
20140719,TMAX,244,,,W,2400
20140719,TMIN,200,,,W,2400
20140719,PRCP,0,,,W,2400
20140719,SNOW,0,,,W,
20140719,SNWD,0,,,W,
20140719,AWND,23,,,W,
20140719,WDF2,80,,,W,
20140719,WSF2,31,,,W,
20140720,TMAX,267,,,W,2400
20140720,TMIN,189,,,W,2400
20140720,PRCP,0,,,W,2400
20140720,SNOW,0,,,W,
20140720,SNWD,0,,,W,
20140720,AWND,18,,,W,
20140720,WDF2,10,,,W,
20140720,WDF5,50,,,W,
20140720,WSF2,54,,,W,
20140720,WSF5,67,,,W,
20140721,TMAX,294,,,W,2400
20140721,TMIN,194,,,W,2400
20140721,PRCP,0,,,W,2400
20140721,SNOW,0,,,W,
20140721,SNWD,0,,,W,
20140721,AWND,9,,,W,
20140721,WDF2,260,,,W,
20140721,WDF5,250,,,W,
20140721,WSF2,36,,,W,
20140721,WSF5,63,,,W,
20140722,TMAX,300,,,W,2400
20140722,TMIN,217,,,W,2400
20140722,PRCP,0,,,W,2400
20140722,SNOW,0,,,W,
20140722,SNWD,0,,,W,
20140722,AWND,17,,,W,
20140722,WDF2,240,,,W,
20140722,WDF5,240,,,W,
20140722,WSF2,54,,,W,
20140722,WSF5,89,,,W,
20140723,TMAX,311,,,W,2400
20140723,TMIN,222,,,W,2400
20140723,PRCP,48,,,W,2400
20140723,SNOW,0,,,W,
20140723,SNWD,0,,,W,
20140723,AWND,22,,,W,
20140723,WDF2,260,,,W,
20140723,WDF5,240,,,W,
20140723,WSF2,72,,,W,
20140723,WSF5,112,,,W,
20140723,WT01,1,,,W,
20140724,TMAX,267,,,W,2400
20140724,TMIN,211,,,W,2400
20140724,PRCP,0,,,W,2400
20140724,SNOW,0,,,W,
20140724,SNWD,0,,,W,
20140724,AWND,22,,,W,
20140724,WDF2,360,,,W,
20140724,WDF5,50,,,W,
20140724,WSF2,45,,,W,
20140724,WSF5,72,,,W,
20140725,TMAX,278,,,W,2400
20140725,TMIN,189,,,W,2400
20140725,PRCP,0,,,W,2400
20140725,SNOW,0,,,W,
20140725,SNWD,0,,,W,
20140725,AWND,19,,,W,
20140725,WDF2,360,,,W,
20140725,WDF5,240,,,W,
20140725,WSF2,40,,,W,
20140725,WSF5,76,,,W,
20140726,TMAX,272,,,W,2400
20140726,TMIN,206,,,W,2400
20140726,PRCP,0,,,W,2400
20140726,SNOW,0,,,W,
20140726,SNWD,0,,,W,
20140726,AWND,19,,,W,
20140726,WDF2,250,,,W,
20140726,WDF5,180,,,W,
20140726,WSF2,40,,,W,
20140726,WSF5,81,,,W,
20140727,TMAX,294,,,W,2400
20140727,TMIN,217,,,W,2400
20140727,PRCP,5,,,W,2400
20140727,SNOW,0,,,W,
20140727,SNWD,0,,,W,
20140727,AWND,15,,,W,
20140727,WDF2,230,,,W,
20140727,WDF5,230,,,W,
20140727,WSF2,54,,,W,
20140727,WSF5,76,,,W,
20140727,WT01,1,,,W,
20140728,TMAX,278,,,W,2400
20140728,TMIN,200,,,W,2400
20140728,PRCP,48,,,W,2400
20140728,SNOW,0,,,W,
20140728,SNWD,0,,,W,
20140728,AWND,33,,,W,
20140728,WDF2,290,,,W,
20140728,WDF5,290,,,W,
20140728,WSF2,72,,,W,
20140728,WSF5,130,,,W,
20140728,WT01,1,,,W,
20140729,TMAX,244,,,W,2400
20140729,TMIN,178,,,W,2400
20140729,PRCP,0,,,W,2400
20140729,SNOW,0,,,W,
20140729,SNWD,0,,,W,
20140729,AWND,22,,,W,
20140729,WDF2,300,,,W,
20140729,WDF5,280,,,W,
20140729,WSF2,63,,,W,
20140729,WSF5,98,,,W,
20140730,TMAX,267,,,W,2400
20140730,TMIN,172,,,W,2400
20140730,PRCP,0,,,W,2400
20140730,SNOW,0,,,W,
20140730,SNWD,0,,,W,
20140730,AWND,13,,,W,
20140730,WDF2,240,,,W,
20140730,WDF5,180,,,W,
20140730,WSF2,45,,,W,
20140730,WSF5,63,,,W,
20140731,TMAX,278,,,W,2400
20140731,TMIN,200,,,W,2400
20140731,PRCP,0,,,W,2400
20140731,SNOW,0,,,W,
20140731,SNWD,0,,,W,
20140731,AWND,15,,,W,
20140731,WDF2,250,,,W,
20140731,WDF5,240,,,W,
20140731,WSF2,54,,,W,
20140731,WSF5,89,,,W,
20140801,TMAX,289,,,W,2400
20140801,TMIN,217,,,W,2400
20140801,PRCP,0,,,W,2400
20140801,SNOW,0,,,W,
20140801,SNWD,0,,,W,
20140801,AWND,17,,,W,
20140801,WDF2,160,,,W,
20140801,WDF5,160,,,W,
20140801,WSF2,54,,,W,
20140801,WSF5,89,,,W,
20140801,WT08,1,,,W,
20140802,TMAX,233,,,W,2400
20140802,TMIN,172,,,W,2400
20140802,PRCP,104,,,W,2400
20140802,SNOW,0,,,W,
20140802,SNWD,0,,,W,
20140802,AWND,27,,,W,
20140802,WDF2,60,,,W,
20140802,WDF5,80,,,W,
20140802,WSF2,76,,,W,
20140802,WSF5,107,,,W,
20140802,WT01,1,,,W,
20140803,TMAX,244,,,W,2400
20140803,TMIN,189,,,W,2400
20140803,PRCP,18,,,W,2400
20140803,SNOW,0,,,W,
20140803,SNWD,0,,,W,
20140803,AWND,10,,,W,
20140803,WDF2,60,,,W,
20140803,WDF5,60,,,W,
20140803,WSF2,40,,,W,
20140803,WSF5,54,,,W,
20140804,TMAX,289,,,W,2400
20140804,TMIN,211,,,W,2400
20140804,PRCP,0,,,W,2400
20140804,SNOW,0,,,W,
20140804,SNWD,0,,,W,
20140804,AWND,15,,,W,
20140804,WDF2,180,,,W,
20140804,WDF5,170,,,W,
20140804,WSF2,40,,,W,
20140804,WSF5,67,,,W,
20140805,TMAX,322,,,W,2400
20140805,TMIN,217,,,W,2400
20140805,PRCP,0,,,W,2400
20140805,SNOW,0,,,W,
20140805,SNWD,0,,,W,
20140805,AWND,11,,,W,
20140805,WDF2,260,,,W,
20140805,WDF5,260,,,W,
20140805,WSF2,54,,,W,
20140805,WSF5,72,,,W,
20140806,TMAX,283,,,W,2400
20140806,TMIN,211,,,W,2400
20140806,PRCP,0,,,W,2400
20140806,SNOW,0,,,W,
20140806,SNWD,0,,,W,
20140806,AWND,13,,,W,
20140806,WDF2,40,,,W,
20140806,WDF5,40,,,W,
20140806,WSF2,67,,,W,
20140806,WSF5,103,,,W,
20140807,TMAX,283,,,W,2400
20140807,TMIN,189,,,W,2400
20140807,PRCP,0,,,W,2400
20140807,SNOW,0,,,W,
20140807,SNWD,0,,,W,
20140807,AWND,19,,,W,
20140807,WDF2,360,,,W,
20140807,WDF5,350,,,W,
20140807,WSF2,58,,,W,
20140807,WSF5,98,,,W,
20140808,TMAX,283,,,W,2400
20140808,TMIN,183,,,W,2400
20140808,PRCP,0,,,W,2400
20140808,SNOW,0,,,W,
20140808,SNWD,0,,,W,
20140808,AWND,14,,,W,
20140808,WDF2,10,,,W,
20140808,WDF5,10,,,W,
20140808,WSF2,40,,,W,
20140808,WSF5,63,,,W,
20140809,TMAX,306,,,W,2400
20140809,TMIN,189,,,W,2400
20140809,PRCP,0,,,W,2400
20140809,SNOW,0,,,W,
20140809,SNWD,0,,,W,
20140809,AWND,13,,,W,
20140809,WDF2,340,,,W,
20140809,WDF5,40,,,W,
20140809,WSF2,40,,,W,
20140809,WSF5,67,,,W,
20140810,TMAX,311,,,W,2400
20140810,TMIN,200,,,W,2400
20140810,PRCP,0,,,W,2400
20140810,SNOW,0,,,W,
20140810,SNWD,0,,,W,
20140810,AWND,13,,,W,
20140810,WDF2,240,,,W,
20140810,WDF5,240,,,W,
20140810,WSF2,36,,,W,
20140810,WSF5,63,,,W,
20140811,TMAX,306,,,W,2400
20140811,TMIN,217,,,W,2400
20140811,PRCP,0,,,W,2400
20140811,SNOW,0,,,W,
20140811,SNWD,0,,,W,
20140811,AWND,14,,,W,
20140811,WDF2,200,,,W,
20140811,WDF5,170,,,W,
20140811,WSF2,40,,,W,
20140811,WSF5,85,,,W,
20140812,TMAX,261,,,W,2400
20140812,TMIN,211,,,W,2400
20140812,PRCP,48,,,W,2400
20140812,SNOW,0,,,W,
20140812,SNWD,0,,,W,
20140812,AWND,26,,,W,
20140812,WDF2,140,,,W,
20140812,WDF5,170,,,W,
20140812,WSF2,67,,,W,
20140812,WSF5,116,,,W,
20140813,TMAX,278,,,W,2400
20140813,TMIN,200,,,W,2400
20140813,PRCP,135,,,W,2400
20140813,SNOW,0,,,W,
20140813,SNWD,0,,,W,
20140813,AWND,25,,,W,
20140813,WDF2,140,,,W,
20140813,WDF5,170,,,W,
20140813,WSF2,72,,,W,
20140813,WSF5,134,,,W,
20140813,WT01,1,,,W,
20140814,TMAX,250,,,W,2400
20140814,TMIN,172,,,W,2400
20140814,PRCP,0,,,W,2400
20140814,SNOW,0,,,W,
20140814,SNWD,0,,,W,
20140814,AWND,21,,,W,
20140814,WDF2,280,,,W,
20140814,WDF5,250,,,W,
20140814,WSF2,58,,,W,
20140814,WSF5,89,,,W,
20140815,TMAX,228,,,W,2400
20140815,TMIN,161,,,W,2400
20140815,PRCP,0,,,W,2400
20140815,SNOW,0,,,W,
20140815,SNWD,0,,,W,
20140815,AWND,24,,,W,
20140815,WDF2,280,,,W,
20140815,WDF5,260,,,W,
20140815,WSF2,58,,,W,
20140815,WSF5,89,,,W,
20140816,TMAX,256,,,W,2400
20140816,TMIN,172,,,W,2400
20140816,PRCP,0,,,W,2400
20140816,SNOW,0,,,W,
20140816,SNWD,0,,,W,
20140816,AWND,18,,,W,
20140816,WDF2,260,,,W,
20140816,WDF5,250,,,W,
20140816,WSF2,45,,,W,
20140816,WSF5,103,,,W,
20140817,TMAX,278,,,W,2400
20140817,TMIN,189,,,W,2400
20140817,PRCP,3,,,W,2400
20140817,SNOW,0,,,W,
20140817,SNWD,0,,,W,
20140817,AWND,16,,,W,
20140817,WDF2,250,,,W,
20140817,WDF5,270,,,W,
20140817,WSF2,54,,,W,
20140817,WSF5,89,,,W,
20140818,TMAX,272,,,W,2400
20140818,TMIN,172,,,W,2400
20140818,PRCP,0,,,W,2400
20140818,SNOW,0,,,W,
20140818,SNWD,0,,,W,
20140818,AWND,20,,,W,
20140818,WDF2,300,,,W,
20140818,WDF5,290,,,W,
20140818,WSF2,40,,,W,
20140818,WSF5,76,,,W,
20140818,WT08,1,,,W,
20140819,TMAX,283,,,W,2400
20140819,TMIN,172,,,W,2400
20140819,PRCP,0,,,W,2400
20140819,SNOW,0,,,W,
20140819,SNWD,0,,,W,
20140819,AWND,17,,,W,
20140819,WDF2,60,,,W,
20140819,WDF5,180,,,W,
20140819,WSF2,40,,,W,
20140819,WSF5,63,,,W,
20140819,WT08,1,,,W,
20140820,TMAX,289,,,W,2400
20140820,TMIN,211,,,W,2400
20140820,PRCP,0,,,W,2400
20140820,SNOW,0,,,W,
20140820,SNWD,0,,,W,
20140820,AWND,10,,,W,
20140820,WDF2,150,,,W,
20140820,WDF5,160,,,W,
20140820,WSF2,45,,,W,
20140820,WSF5,63,,,W,
20140820,WT08,1,,,W,
20140821,TMAX,283,,,W,2400
20140821,TMIN,183,,,W,2400
20140821,PRCP,89,,,W,2400
20140821,SNOW,0,,,W,
20140821,SNWD,0,,,W,
20140821,AWND,16,,,W,
20140821,WDF2,160,,,W,
20140821,WDF5,160,,,W,
20140821,WSF2,54,,,W,
20140821,WSF5,85,,,W,
20140821,WT01,1,,,W,
20140822,TMAX,261,,,W,2400
20140822,TMIN,183,,,W,2400
20140822,PRCP,15,,,W,2400
20140822,SNOW,0,,,W,
20140822,SNWD,0,,,W,
20140822,AWND,21,,,W,
20140822,WDF2,110,,,W,
20140822,WDF5,140,,,W,
20140822,WSF2,45,,,W,
20140822,WSF5,63,,,W,
20140822,WT01,1,,,W,
20140823,TMAX,250,,,W,2400
20140823,TMIN,194,,,W,2400
20140823,PRCP,3,,,W,2400
20140823,SNOW,0,,,W,
20140823,SNWD,0,,,W,
20140823,AWND,21,,,W,
20140823,WDF2,60,,,W,
20140823,WDF5,70,,,W,
20140823,WSF2,58,,,W,
20140823,WSF5,81,,,W,
20140824,TMAX,267,,,W,2400
20140824,TMIN,178,,,W,2400
20140824,PRCP,0,,,W,2400
20140824,SNOW,0,,,W,
20140824,SNWD,0,,,W,
20140824,AWND,14,,,W,
20140824,WDF2,60,,,W,
20140824,WDF5,20,,,W,
20140824,WSF2,45,,,W,
20140824,WSF5,72,,,W,
20140825,TMAX,311,,,W,2400
20140825,TMIN,178,,,W,2400
20140825,PRCP,0,,,W,2400
20140825,SNOW,0,,,W,
20140825,SNWD,0,,,W,
20140825,AWND,12,,,W,
20140825,WDF2,60,,,W,
20140825,WDF5,350,,,W,
20140825,WSF2,45,,,W,
20140825,WSF5,63,,,W,
20140826,TMAX,317,,,W,2400
20140826,TMIN,211,,,W,2400
20140826,PRCP,0,,,W,2400
20140826,SNOW,0,,,W,
20140826,SNWD,0,,,W,
20140826,AWND,10,,,W,
20140826,WDF2,240,,,W,
20140826,WDF5,170,,,W,
20140826,WSF2,31,,,W,
20140826,WSF5,63,,,W,
20140826,WT08,1,,,W,
20140827,TMAX,322,,,W,2400
20140827,TMIN,211,,,W,2400
20140827,PRCP,0,,,W,2400
20140827,SNOW,0,,,W,
20140827,SNWD,0,,,W,
20140827,AWND,15,,,W,
20140827,WDF2,50,,,W,
20140827,WDF5,180,,,W,
20140827,WSF2,45,,,W,
20140827,WSF5,85,,,W,
20140828,TMAX,278,,,W,2400
20140828,TMIN,189,,,W,2400
20140828,PRCP,0,,,W,2400
20140828,SNOW,0,,,W,
20140828,SNWD,0,,,W,
20140828,AWND,24,,,W,
20140828,WDF2,300,,,W,
20140828,WDF5,280,,,W,
20140828,WSF2,58,,,W,
20140828,WSF5,94,,,W,
20140829,TMAX,267,,,W,2400
20140829,TMIN,161,,,W,2400
20140829,PRCP,0,,,W,2400
20140829,SNOW,0,,,W,
20140829,SNWD,0,,,W,
20140829,AWND,15,,,W,
20140829,WDF2,60,,,W,
20140829,WDF5,50,,,W,
20140829,WSF2,54,,,W,
20140829,WSF5,81,,,W,
20140830,TMAX,267,,,W,2400
20140830,TMIN,183,,,W,2400
20140830,PRCP,0,,,W,2400
20140830,SNOW,0,,,W,
20140830,SNWD,0,,,W,
20140830,AWND,10,,,W,
20140830,WDF2,180,,,W,
20140830,WDF5,180,,,W,
20140830,WSF2,36,,,W,
20140830,WSF5,76,,,W,
20140831,TMAX,322,,,W,2400
20140831,TMIN,228,,,W,2400
20140831,PRCP,157,,,W,2400
20140831,SNOW,0,,,W,
20140831,SNWD,0,,,W,
20140831,AWND,15,,,W,
20140831,WDF2,280,,,W,
20140831,WDF5,260,,,W,
20140831,WSF2,67,,,W,
20140831,WSF5,134,,,W,
20140901,TMAX,311,,,W,2400
20140901,TMIN,239,,,W,2400
20140901,PRCP,0,,,W,2400
20140901,SNOW,0,,,W,
20140901,SNWD,0,,,W,
20140901,AWND,13,,,W,
20140901,WDF2,250,,,W,
20140901,WDF5,250,,,W,
20140901,WSF2,45,,,W,
20140901,WSF5,67,,,W,
20140902,TMAX,333,,,W,2400
20140902,TMIN,250,,,W,2400
20140902,PRCP,0,,,W,2400
20140902,SNOW,0,,,W,
20140902,SNWD,0,,,W,
20140902,AWND,24,,,W,
20140902,WDF2,250,,,W,
20140902,WDF5,260,,,W,
20140902,WSF2,67,,,W,
20140902,WSF5,157,,,W,
20140903,TMAX,300,,,W,2400
20140903,TMIN,222,,,W,2400
20140903,PRCP,0,,,W,2400
20140903,SNOW,0,,,W,
20140903,SNWD,0,,,W,
20140903,AWND,15,,,W,
20140903,WDF2,290,,,W,
20140903,WDF5,280,,,W,
20140903,WSF2,58,,,W,
20140903,WSF5,94,,,W,
20140904,TMAX,306,,,W,2400
20140904,TMIN,206,,,W,2400
20140904,PRCP,0,,,W,2400
20140904,SNOW,0,,,W,
20140904,SNWD,0,,,W,
20140904,AWND,12,,,W,
20140904,WDF2,240,,,W,
20140904,WDF5,170,,,W,
20140904,WSF2,45,,,W,
20140904,WSF5,85,,,W,
20140905,TMAX,306,,,W,2400
20140905,TMIN,222,,,W,2400
20140905,PRCP,0,,,W,2400
20140905,SNOW,0,,,W,
20140905,SNWD,0,,,W,
20140905,AWND,13,,,W,
20140905,WDF2,240,,,W,
20140905,WDF5,200,,,W,
20140905,WSF2,45,,,W,
20140905,WSF5,76,,,W,
20140905,WT01,1,,,W,
20140905,WT08,1,,,W,
20140906,TMAX,328,,,W,2400
20140906,TMIN,194,,,W,2400
20140906,PRCP,28,,,W,2400
20140906,SNOW,0,,,W,
20140906,SNWD,0,,,W,
20140906,AWND,21,,,W,
20140906,WDF2,310,,,W,
20140906,WDF5,250,,,W,
20140906,WSF2,58,,,W,
20140906,WSF5,98,,,W,
20140906,WT01,1,,,W,
20140906,WT08,1,,,W,
20140907,TMAX,272,,,W,2400
20140907,TMIN,183,,,W,2400
20140907,PRCP,0,,,W,2400
20140907,SNOW,0,,,W,
20140907,SNWD,0,,,W,
20140907,AWND,21,,,W,
20140907,WDF2,50,,,W,
20140907,WDF5,50,,,W,
20140907,WSF2,54,,,W,
20140907,WSF5,76,,,W,
20140908,TMAX,239,,,W,2400
20140908,TMIN,183,,,W,2400
20140908,PRCP,0,,,W,2400
20140908,SNOW,0,,,W,
20140908,SNWD,0,,,W,
20140908,AWND,34,,,W,
20140908,WDF2,70,,,W,
20140908,WDF5,60,,,W,
20140908,WSF2,63,,,W,
20140908,WSF5,94,,,W,
20140909,TMAX,228,,,W,2400
20140909,TMIN,172,,,W,2400
20140909,PRCP,0,,,W,2400
20140909,SNOW,0,,,W,
20140909,SNWD,0,,,W,
20140909,AWND,35,,,W,
20140909,WDF2,70,,,W,
20140909,WDF5,50,,,W,
20140909,WSF2,67,,,W,
20140909,WSF5,103,,,W,
20140910,TMAX,267,,,W,2400
20140910,TMIN,172,,,W,2400
20140910,PRCP,0,,,W,2400
20140910,SNOW,0,,,W,
20140910,SNWD,0,,,W,
20140910,AWND,26,,,W,
20140910,WDF2,70,,,W,
20140910,WDF5,60,,,W,
20140910,WSF2,63,,,W,
20140910,WSF5,81,,,W,
20140911,TMAX,283,,,W,2400
20140911,TMIN,206,,,W,2400
20140911,PRCP,0,,,W,2400
20140911,SNOW,0,,,W,
20140911,SNWD,0,,,W,
20140911,AWND,21,,,W,
20140911,WDF2,20,,,W,
20140911,WDF5,340,,,W,
20140911,WSF2,54,,,W,
20140911,WSF5,94,,,W,
20140912,TMAX,256,,,W,2400
20140912,TMIN,167,,,W,2400
20140912,PRCP,0,,,W,2400
20140912,SNOW,0,,,W,
20140912,SNWD,0,,,W,
20140912,AWND,23,,,W,
20140912,WDF2,50,,,W,
20140912,WDF5,40,,,W,
20140912,WSF2,54,,,W,
20140912,WSF5,81,,,W,
20140913,TMAX,206,,,W,2400
20140913,TMIN,144,,,W,2400
20140913,PRCP,66,,,W,2400
20140913,SNOW,0,,,W,
20140913,SNWD,0,,,W,
20140913,AWND,23,,,W,
20140913,WDF2,120,,,W,
20140913,WDF5,50,,,W,
20140913,WSF2,54,,,W,
20140913,WSF5,81,,,W,
20140913,WT01,1,,,W,
20140914,TMAX,217,,,W,2400
20140914,TMIN,117,,,W,2400
20140914,PRCP,0,,,W,2400
20140914,SNOW,0,,,W,
20140914,SNWD,0,,,W,
20140914,AWND,14,,,W,
20140914,WDF2,360,,,W,
20140914,WDF5,330,,,W,
20140914,WSF2,45,,,W,
20140914,WSF5,76,,,W,
20140915,TMAX,217,,,W,2400
20140915,TMIN,128,,,W,2400
20140915,PRCP,0,,,W,2400
20140915,SNOW,0,,,W,
20140915,SNWD,0,,,W,
20140915,AWND,13,,,W,
20140915,WDF2,50,,,W,
20140915,WDF5,50,,,W,
20140915,WSF2,40,,,W,
20140915,WSF5,63,,,W,
20140916,TMAX,211,,,W,2400
20140916,TMIN,144,,,W,2400
20140916,PRCP,94,,,W,2400
20140916,SNOW,0,,,W,
20140916,SNWD,0,,,W,
20140916,AWND,10,,,W,
20140916,WDF2,310,,,W,
20140916,WDF5,290,,,W,
20140916,WSF2,40,,,W,
20140916,WSF5,72,,,W,
20140916,WT01,1,,,W,
20140916,WT08,1,,,W,
20140917,TMAX,228,,,W,2400
20140917,TMIN,128,,,W,2400
20140917,PRCP,0,,,W,2400
20140917,SNOW,0,,,W,
20140917,SNWD,0,,,W,
20140917,AWND,12,,,W,
20140917,WDF2,290,,,W,
20140917,WDF5,290,,,W,
20140917,WSF2,40,,,W,
20140917,WSF5,54,,,W,
20140918,TMAX,244,,,W,2400
20140918,TMIN,139,,,W,2400
20140918,PRCP,0,,,W,2400
20140918,SNOW,0,,,W,
20140918,SNWD,0,,,W,
20140918,AWND,12,,,W,
20140918,WDF2,50,,,W,
20140918,WDF5,40,,,W,
20140918,WSF2,58,,,W,
20140918,WSF5,89,,,W,
20140919,TMAX,189,,,W,2400
20140919,TMIN,122,,,W,2400
20140919,PRCP,0,,,W,2400
20140919,SNOW,0,,,W,
20140919,SNWD,0,,,W,
20140919,AWND,34,,,W,
20140919,WDF2,60,,,W,
20140919,WDF5,60,,,W,
20140919,WSF2,72,,,W,
20140919,WSF5,103,,,W,
20140920,TMAX,239,,,W,2400
20140920,TMIN,139,,,W,2400
20140920,PRCP,0,,,W,2400
20140920,SNOW,0,,,W,
20140920,SNWD,0,,,W,
20140920,AWND,13,,,W,
20140920,WDF2,170,,,W,
20140920,WDF5,210,,,W,
20140920,WSF2,54,,,W,
20140920,WSF5,94,,,W,
20140920,WT01,1,,,W,
20140921,TMAX,239,,,W,2400
20140921,TMIN,194,,,W,2400
20140921,PRCP,38,,,W,2400
20140921,SNOW,0,,,W,
20140921,SNWD,0,,,W,
20140921,AWND,7,,,W,
20140921,WDF2,280,,,W,
20140921,WDF5,270,,,W,
20140921,WSF2,40,,,W,
20140921,WSF5,72,,,W,
20140921,WT01,1,,,W,
20140921,WT08,1,,,W,
20140922,TMAX,217,,,W,2400
20140922,TMIN,128,,,W,2400
20140922,PRCP,0,T,,W,2400
20140922,SNOW,0,,,W,
20140922,SNWD,0,,,W,
20140922,AWND,30,,,W,
20140922,WDF2,280,,,W,
20140922,WDF5,280,,,W,
20140922,WSF2,67,,,W,
20140922,WSF5,103,,,W,
20140923,TMAX,217,,,W,2400
20140923,TMIN,111,,,W,2400
20140923,PRCP,0,,,W,2400
20140923,SNOW,0,,,W,
20140923,SNWD,0,,,W,
20140923,AWND,8,,,W,
20140923,WDF2,200,,,W,
20140923,WDF5,210,,,W,
20140923,WSF2,36,,,W,
20140923,WSF5,72,,,W,
20140924,TMAX,217,,,W,2400
20140924,TMIN,144,,,W,2400
20140924,PRCP,0,,,W,2400
20140924,SNOW,0,,,W,
20140924,SNWD,0,,,W,
20140924,AWND,25,,,W,
20140924,WDF2,60,,,W,
20140924,WDF5,270,,,W,
20140924,WSF2,63,,,W,
20140924,WSF5,85,,,W,
20140925,TMAX,178,,,W,2400
20140925,TMIN,139,,,W,2400
20140925,PRCP,81,,,W,2400
20140925,SNOW,0,,,W,
20140925,SNWD,0,,,W,
20140925,AWND,37,,,W,
20140925,WDF2,70,,,W,
20140925,WDF5,70,,,W,
20140925,WSF2,72,,,W,
20140925,WSF5,103,,,W,
20140925,WT01,1,,,W,
20140926,TMAX,250,,,W,2400
20140926,TMIN,144,,,W,2400
20140926,PRCP,0,,,W,2400
20140926,SNOW,0,,,W,
20140926,SNWD,0,,,W,
20140926,AWND,19,,,W,
20140926,WDF2,30,,,W,
20140926,WDF5,40,,,W,
20140926,WSF2,58,,,W,
20140926,WSF5,89,,,W,
20140927,TMAX,283,,,W,2400
20140927,TMIN,156,,,W,2400
20140927,PRCP,0,,,W,2400
20140927,SNOW,0,,,W,
20140927,SNWD,0,,,W,
20140927,AWND,11,,,W,
20140927,WDF2,40,,,W,
20140927,WDF5,30,,,W,
20140927,WSF2,40,,,W,
20140927,WSF5,63,,,W,
20140927,WT08,1,,,W,
20140928,TMAX,289,,,W,2400
20140928,TMIN,178,,,W,2400
20140928,PRCP,0,,,W,2400
20140928,SNOW,0,,,W,
20140928,SNWD,0,,,W,
20140928,AWND,8,,,W,
20140928,WDF2,270,,,W,
20140928,WDF5,250,,,W,
20140928,WSF2,40,,,W,
20140928,WSF5,67,,,W,
20140929,TMAX,261,,,W,2400
20140929,TMIN,194,,,W,2400
20140929,PRCP,0,,,W,2400
20140929,SNOW,0,,,W,
20140929,SNWD,0,,,W,
20140929,AWND,3,,,W,
20140929,WDF2,260,,,W,
20140929,WDF5,240,,,W,
20140929,WSF2,40,,,W,
20140929,WSF5,63,,,W,
20140930,TMAX,217,,,W,2400
20140930,TMIN,167,,,W,2400
20140930,PRCP,0,T,,W,2400
20140930,SNOW,0,,,W,
20140930,SNWD,0,,,W,
20140930,AWND,21,,,W,
20140930,WDF2,70,,,W,
20140930,WDF5,50,,,W,
20140930,WSF2,58,,,W,
20140930,WSF5,76,,,W,
20140930,WT01,1,,,W,
20140930,WT08,1,,,W,
20141001,SNOW,0,,,W,
20141001,SNWD,0,,,W,
20141001,AWND,27,,,W,
20141001,WDF2,60,,,W,
20141001,WDF5,40,,,W,
20141001,WSF2,63,,,W,
20141001,WSF5,81,,,W,
20141001,WT01,1,,,W,
20141001,WT08,1,,,W,
20141001,TMAX,183,,,W,2400
20141001,TMIN,161,,,W,2400
20141001,PRCP,5,,,W,2400
20141002,SNOW,0,,,W,
20141002,SNWD,0,,,W,
20141002,AWND,21,,,W,
20141002,WDF2,60,,,W,
20141002,WDF5,50,,,W,
20141002,WSF2,58,,,W,
20141002,WSF5,72,,,W,
20141002,TMAX,211,,,W,2400
20141002,TMIN,161,,,W,2400
20141002,PRCP,0,,,W,2400
20141003,SNOW,0,,,W,
20141003,SNWD,0,,,W,
20141003,AWND,19,,,W,
20141003,WDF2,70,,,W,
20141003,WDF5,180,,,W,
20141003,WSF2,45,,,W,
20141003,WSF5,89,,,W,
20141003,TMAX,217,,,W,2400
20141003,TMIN,133,,,W,2400
20141003,PRCP,0,,,W,2400
20141004,SNOW,0,,,W,
20141004,SNWD,0,,,W,
20141004,AWND,30,,,W,
20141004,WDF2,280,,,W,
20141004,WDF5,290,,,W,
20141004,WSF2,72,,,W,
20141004,WSF5,121,,,W,
20141004,WT01,1,,,W,
20141004,TMAX,206,,,W,2400
20141004,TMIN,111,,,W,2400
20141004,PRCP,300,,,W,2400
20141005,SNOW,0,,,W,
20141005,SNWD,0,,,W,
20141005,AWND,25,,,W,
20141005,WDF2,270,,,W,
20141005,WDF5,260,,,W,
20141005,WSF2,67,,,W,
20141005,WSF5,103,,,W,
20141005,TMAX,161,,,W,2400
20141005,TMIN,78,,,W,2400
20141005,PRCP,0,,,W,2400
20141006,SNOW,0,,,W,
20141006,SNWD,0,,,W,
20141006,AWND,17,,,W,
20141006,WDF2,160,,,W,
20141006,WDF5,160,,,W,
20141006,WSF2,67,,,W,
20141006,WSF5,107,,,W,
20141006,TMAX,206,,,W,2400
20141006,TMIN,100,,,W,2400
20141006,PRCP,0,,,W,2400
20141007,SNOW,0,,,W,
20141007,SNWD,0,,,W,
20141007,AWND,21,,,W,
20141007,WDF2,170,,,W,
20141007,WDF5,240,,,W,
20141007,WSF2,45,,,W,
20141007,WSF5,94,,,W,
20141007,WT01,1,,,W,
20141007,TMAX,217,,,W,2400
20141007,TMIN,172,,,W,2400
20141007,PRCP,15,,,W,2400
20141008,SNOW,0,,,W,
20141008,SNWD,0,,,W,
20141008,AWND,32,,,W,
20141008,WDF2,260,,,W,
20141008,WDF5,240,,,W,
20141008,WSF2,67,,,W,
20141008,WSF5,116,,,W,
20141008,WT01,1,,,W,
20141008,TMAX,228,,,W,2400
20141008,TMIN,167,,,W,2400
20141008,PRCP,10,,,W,2400
20141009,SNOW,0,,,W,
20141009,SNWD,0,,,W,
20141009,AWND,25,,,W,
20141009,WDF2,280,,,W,
20141009,WDF5,290,,,W,
20141009,WSF2,81,,,W,
20141009,WSF5,143,,,W,
20141009,TMAX,200,,,W,2400
20141009,TMIN,128,,,W,2400
20141009,PRCP,0,,,W,2400
20141010,SNOW,0,,,W,
20141010,SNWD,0,,,W,
20141010,AWND,10,,,W,
20141010,WDF2,290,,,W,
20141010,WDF5,280,,,W,
20141010,WSF2,31,,,W,
20141010,WSF5,49,,,W,
20141010,TMAX,178,,,W,2400
20141010,TMIN,111,,,W,2400
20141010,PRCP,0,T,,W,2400
20141011,SNOW,0,,,W,
20141011,SNWD,0,,,W,
20141011,AWND,20,,,W,
20141011,WDF2,40,,,W,
20141011,WDF5,40,,,W,
20141011,WSF2,45,,,W,
20141011,WSF5,76,,,W,
20141011,WT01,1,,,W,
20141011,TMAX,156,,,W,2400
20141011,TMIN,100,,,W,2400
20141011,PRCP,84,,,W,2400
20141012,SNOW,0,,,W,
20141012,SNWD,0,,,W,
20141012,AWND,12,,,W,
20141012,WDF2,30,,,W,
20141012,WDF5,30,,,W,
20141012,WSF2,58,,,W,
20141012,WSF5,85,,,W,
20141012,TMAX,172,,,W,2400
20141012,TMIN,89,,,W,2400
20141012,PRCP,0,,,W,2400
20141013,SNOW,0,,,W,
20141013,SNWD,0,,,W,
20141013,AWND,12,,,W,
20141013,WDF2,160,,,W,
20141013,WDF5,170,,,W,
20141013,WSF2,36,,,W,
20141013,WSF5,72,,,W,
20141013,WT01,1,,,W,
20141013,WT08,1,,,W,
20141013,TMAX,183,,,W,2400
20141013,TMIN,111,,,W,2400
20141013,PRCP,13,,,W,2400
20141014,SNOW,0,,,W,
20141014,SNWD,0,,,W,
20141014,AWND,21,,,W,
20141014,WDF2,180,,,W,
20141014,WDF5,180,,,W,
20141014,WSF2,58,,,W,
20141014,WSF5,103,,,W,
20141014,WT01,1,,,W,
20141014,TMAX,244,,,W,2400
20141014,TMIN,172,,,W,2400
20141014,PRCP,0,,,W,2400
20141015,SNOW,0,,,W,
20141015,SNWD,0,,,W,
20141015,AWND,23,,,W,
20141015,WDF2,170,,,W,
20141015,WDF5,190,,,W,
20141015,WSF2,63,,,W,
20141015,WSF5,112,,,W,
20141015,WT01,1,,,W,
20141015,WT08,1,,,W,
20141015,TMAX,250,,,W,2400
20141015,TMIN,206,,,W,2400
20141015,PRCP,175,,,W,2400
20141016,SNOW,0,,,W,
20141016,SNWD,0,,,W,
20141016,AWND,18,,,W,
20141016,WDF2,250,,,W,
20141016,WDF5,170,,,W,
20141016,WSF2,58,,,W,
20141016,WSF5,89,,,W,
20141016,WT01,1,,,W,
20141016,TMAX,217,,,W,2400
20141016,TMIN,161,,,W,2400
20141016,PRCP,282,,,W,2400
20141017,SNOW,0,,,W,
20141017,SNWD,0,,,W,
20141017,AWND,20,,,W,
20141017,WDF2,250,,,W,
20141017,WDF5,260,,,W,
20141017,WSF2,63,,,W,
20141017,WSF5,103,,,W,
20141017,TMAX,217,,,W,2400
20141017,TMIN,150,,,W,2400
20141017,PRCP,0,,,W,2400
20141018,SNOW,0,,,W,
20141018,SNWD,0,,,W,
20141018,AWND,28,,,W,
20141018,WDF2,280,,,W,
20141018,WDF5,290,,,W,
20141018,WSF2,67,,,W,
20141018,WSF5,103,,,W,
20141018,WT08,1,,,W,
20141018,TMAX,211,,,W,2400
20141018,TMIN,133,,,W,2400
20141018,PRCP,0,,,W,2400
20141019,SNOW,0,,,W,
20141019,SNWD,0,,,W,
20141019,AWND,34,,,W,
20141019,WDF2,300,,,W,
20141019,WDF5,300,,,W,
20141019,WSF2,76,,,W,
20141019,WSF5,125,,,W,
20141019,TMAX,133,,,W,2400
20141019,TMIN,67,,,W,2400
20141019,PRCP,0,,,W,2400
20141020,SNOW,0,,,W,
20141020,SNWD,0,,,W,
20141020,AWND,17,,,W,
20141020,WDF2,240,,,W,
20141020,WDF5,260,,,W,
20141020,WSF2,54,,,W,
20141020,WSF5,85,,,W,
20141020,WT08,1,,,W,
20141020,TMAX,156,,,W,2400
20141020,TMIN,56,,,W,2400
20141020,PRCP,0,,,W,2400
20141021,SNOW,0,,,W,
20141021,SNWD,0,,,W,
20141021,AWND,16,,,W,
20141021,WDF2,140,,,W,
20141021,WDF5,150,,,W,
20141021,WSF2,54,,,W,
20141021,WSF5,81,,,W,
20141021,WT01,1,,,W,
20141021,TMAX,194,,,W,2400
20141021,TMIN,128,,,W,2400
20141021,PRCP,28,,,W,2400
20141022,SNOW,0,,,W,
20141022,SNWD,0,,,W,
20141022,AWND,42,,,W,
20141022,WDF2,30,,,W,
20141022,WDF5,50,,,W,
20141022,WSF2,81,,,W,
20141022,WSF5,134,,,W,
20141022,WT01,1,,,W,
20141022,WT08,1,,,W,
20141022,TMAX,144,,,W,2400
20141022,TMIN,100,,,W,2400
20141022,PRCP,384,,,W,2400
20141023,SNOW,0,,,W,
20141023,SNWD,0,,,W,
20141023,AWND,34,,,W,
20141023,WDF2,40,,,W,
20141023,WDF5,40,,,W,
20141023,WSF2,54,,,W,
20141023,WSF5,112,,,W,
20141023,WT01,1,,,W,
20141023,TMAX,117,,,W,2400
20141023,TMIN,100,,,W,2400
20141023,PRCP,155,,,W,2400
20141024,SNOW,0,,,W,
20141024,SNWD,0,,,W,
20141024,AWND,20,,,W,
20141024,WDF2,310,,,W,
20141024,WDF5,300,,,W,
20141024,WSF2,54,,,W,
20141024,WSF5,85,,,W,
20141024,TMAX,172,,,W,2400
20141024,TMIN,106,,,W,2400
20141024,PRCP,0,,,W,2400
20141025,SNOW,0,,,W,
20141025,SNWD,0,,,W,
20141025,AWND,26,,,W,
20141025,WDF2,300,,,W,
20141025,WDF5,260,,,W,
20141025,WSF2,58,,,W,
20141025,WSF5,116,,,W,
20141025,TMAX,194,,,W,2400
20141025,TMIN,100,,,W,2400
20141025,PRCP,3,,,W,2400
20141026,SNOW,0,,,W,
20141026,SNWD,0,,,W,
20141026,AWND,35,,,W,
20141026,WDF2,310,,,W,
20141026,WDF5,310,,,W,
20141026,WSF2,81,,,W,
20141026,WSF5,143,,,W,
20141026,TMAX,172,,,W,2400
20141026,TMIN,117,,,W,2400
20141026,PRCP,0,T,,W,2400
20141027,SNOW,0,,,W,
20141027,SNWD,0,,,W,
20141027,AWND,23,,,W,
20141027,WDF2,270,,,W,
20141027,WDF5,270,,,W,
20141027,WSF2,58,,,W,
20141027,WSF5,94,,,W,
20141027,TMAX,172,,,W,2400
20141027,TMIN,89,,,W,2400
20141027,PRCP,0,,,W,2400
20141028,SNOW,0,,,W,
20141028,SNWD,0,,,W,
20141028,AWND,13,,,W,
20141028,WDF2,240,,,W,
20141028,WDF5,200,,,W,
20141028,WSF2,54,,,W,
20141028,WSF5,89,,,W,
20141028,TMAX,222,,,W,2400
20141028,TMIN,117,,,W,2400
20141028,PRCP,0,,,W,2400
20141029,SNOW,0,,,W,
20141029,SNWD,0,,,W,
20141029,AWND,22,,,W,
20141029,WDF2,310,,,W,
20141029,WDF5,310,,,W,
20141029,WSF2,63,,,W,
20141029,WSF5,107,,,W,
20141029,WT08,1,,,W,
20141029,TMAX,222,,,W,2400
20141029,TMIN,106,,,W,2400
20141029,PRCP,0,T,,W,2400
20141030,SNOW,0,,,W,
20141030,SNWD,0,,,W,
20141030,AWND,16,,,W,
20141030,WDF2,310,,,W,
20141030,WSF2,45,,,W,
20141030,TMAX,150,,,W,2400
20141030,TMIN,83,,,W,2400
20141030,PRCP,0,,,W,2400
20141031,SNOW,0,,,W,
20141031,SNWD,0,,,W,
20141031,AWND,29,,,W,
20141031,WDF2,70,,,W,
20141031,WDF5,70,,,W,
20141031,WSF2,67,,,W,
20141031,WSF5,103,,,W,
20141031,WT01,1,,,W,
20141031,TMAX,128,,,W,2400
20141031,TMIN,72,,,W,2400
20141031,PRCP,13,,,W,2400
20141101,TMAX,83,,,W,2400
20141101,TMIN,56,,,W,2400
20141101,PRCP,89,,,W,2400
20141101,SNOW,0,,,W,
20141101,SNWD,0,,,W,
20141101,AWND,40,,,W,
20141101,WDF2,30,,,W,
20141101,WDF5,20,,,W,
20141101,WSF2,94,,,W,
20141101,WSF5,139,,,W,
20141102,TMAX,89,,,W,2400
20141102,TMIN,50,,,W,2400
20141102,PRCP,0,,,W,2400
20141102,SNOW,0,,,W,
20141102,SNWD,0,,,W,
20141102,AWND,48,,,W,
20141102,WDF2,350,,,W,
20141102,WDF5,20,,,W,
20141102,WSF2,94,,,W,
20141102,WSF5,161,,,W,
20141103,TMAX,161,,,W,2400
20141103,TMIN,39,,,W,2400
20141103,PRCP,0,,,W,2400
20141103,SNOW,0,,,W,
20141103,SNWD,0,,,W,
20141103,AWND,26,,,W,
20141103,WDF2,280,,,W,
20141103,WDF5,260,,,W,
20141103,WSF2,72,,,W,
20141103,WSF5,116,,,W,
20141104,TMAX,200,,,W,2400
20141104,TMIN,117,,,W,2400
20141104,PRCP,0,,,W,2400
20141104,SNOW,0,,,W,
20141104,SNWD,0,,,W,
20141104,AWND,21,,,W,
20141104,WDF2,230,,,W,
20141104,WDF5,240,,,W,
20141104,WSF2,58,,,W,
20141104,WSF5,98,,,W,
20141105,TMAX,178,,,W,2400
20141105,TMIN,133,,,W,2400
20141105,PRCP,0,,,W,2400
20141105,SNOW,0,,,W,
20141105,SNWD,0,,,W,
20141105,AWND,20,,,W,
20141105,WDF2,290,,,W,
20141105,WDF5,240,,,W,
20141105,WSF2,63,,,W,
20141105,WSF5,94,,,W,
20141106,TMAX,139,,,W,2400
20141106,TMIN,89,,,W,2400
20141106,PRCP,94,,,W,2400
20141106,SNOW,0,,,W,
20141106,SNWD,0,,,W,
20141106,AWND,14,,,W,
20141106,WDF2,70,,,W,
20141106,WDF5,240,,,W,
20141106,WSF2,40,,,W,
20141106,WSF5,67,,,W,
20141106,WT01,1,,,W,
20141106,WT08,1,,,W,
20141107,TMAX,117,,,W,2400
20141107,TMIN,44,,,W,2400
20141107,PRCP,0,,,W,2400
20141107,SNOW,0,,,W,
20141107,SNWD,0,,,W,
20141107,AWND,33,,,W,
20141107,WDF2,310,,,W,
20141107,WDF5,310,,,W,
20141107,WSF2,76,,,W,
20141107,WSF5,139,,,W,
20141107,WT01,1,,,W,
20141108,TMAX,89,,,W,2400
20141108,TMIN,22,,,W,2400
20141108,PRCP,0,,,W,2400
20141108,SNOW,0,,,W,
20141108,SNWD,0,,,W,
20141108,AWND,27,,,W,
20141108,WDF2,280,,,W,
20141108,WDF5,280,,,W,
20141108,WSF2,72,,,W,
20141108,WSF5,98,,,W,
20141109,TMAX,139,,,W,2400
20141109,TMIN,78,,,W,2400
20141109,PRCP,0,,,W,2400
20141109,SNOW,0,,,W,
20141109,SNWD,0,,,W,
20141109,AWND,12,,,W,
20141109,WDF2,250,,,W,
20141109,WDF5,250,,,W,
20141109,WSF2,63,,,W,
20141109,WSF5,98,,,W,
20141110,TMAX,161,,,W,2400
20141110,TMIN,67,,,W,2400
20141110,PRCP,0,,,W,2400
20141110,SNOW,0,,,W,
20141110,SNWD,0,,,W,
20141110,AWND,11,,,W,
20141110,WDF2,250,,,W,
20141110,WDF5,180,,,W,
20141110,WSF2,40,,,W,
20141110,WSF5,58,,,W,
20141111,TMAX,178,,,W,2400
20141111,TMIN,94,,,W,2400
20141111,PRCP,0,,,W,2400
20141111,SNOW,0,,,W,
20141111,SNWD,0,,,W,
20141111,AWND,15,,,W,
20141111,WDF2,170,,,W,
20141111,WDF5,180,,,W,
20141111,WSF2,45,,,W,
20141111,WSF5,85,,,W,
20141111,WT01,1,,,W,
20141111,WT08,1,,,W,
20141112,TMAX,183,,,W,2400
20141112,TMIN,83,,,W,2400
20141112,PRCP,0,,,W,2400
20141112,SNOW,0,,,W,
20141112,SNWD,0,,,W,
20141112,AWND,12,,,W,
20141112,WDF2,350,,,W,
20141112,WDF5,300,,,W,
20141112,WSF2,45,,,W,
20141112,WSF5,98,,,W,
20141112,WT01,1,,,W,
20141112,WT08,1,,,W,
20141113,TMAX,89,,,W,2400
20141113,TMIN,22,,,W,2400
20141113,PRCP,51,,,W,2400
20141113,SNOW,0,T,,W,
20141113,SNWD,0,,,W,
20141113,AWND,16,,,W,
20141113,WDF2,280,,,W,
20141113,WDF5,280,,,W,
20141113,WSF2,40,,,W,
20141113,WSF5,67,,,W,
20141113,WT01,1,,,W,
20141114,TMAX,56,,,W,2400
20141114,TMIN,17,,,W,2400
20141114,PRCP,15,,,W,2400
20141114,SNOW,0,T,,W,
20141114,SNWD,0,,,W,
20141114,AWND,32,,,W,
20141114,WDF2,300,,,W,
20141114,WDF5,300,,,W,
20141114,WSF2,63,,,W,
20141114,WSF5,107,,,W,
20141114,WT01,1,,,W,
20141115,TMAX,56,,,W,2400
20141115,TMIN,6,,,W,2400
20141115,PRCP,0,,,W,2400
20141115,SNOW,0,,,W,
20141115,SNWD,0,,,W,
20141115,AWND,16,,,W,
20141115,WDF2,300,,,W,
20141115,WDF5,290,,,W,
20141115,WSF2,54,,,W,
20141115,WSF5,89,,,W,
20141116,TMAX,72,,,W,2400
20141116,TMIN,17,,,W,2400
20141116,PRCP,8,,,W,2400
20141116,SNOW,0,,,W,
20141116,SNWD,0,,,W,
20141116,AWND,17,,,W,
20141116,WDF2,260,,,W,
20141116,WDF5,250,,,W,
20141116,WSF2,45,,,W,
20141116,WSF5,81,,,W,
20141117,TMAX,111,,,W,2400
20141117,TMIN,44,,,W,2400
20141117,PRCP,391,,,W,2400
20141117,SNOW,0,,,W,
20141117,SNWD,0,,,W,
20141117,AWND,17,,,W,
20141117,WDF2,280,,,W,
20141117,WDF5,290,,,W,
20141117,WSF2,63,,,W,
20141117,WSF5,98,,,W,
20141117,WT01,1,,,W,
20141118,TMAX,72,,,W,2400
20141118,TMIN,-43,,,W,2400
20141118,PRCP,0,,,W,2400
20141118,SNOW,0,,,W,
20141118,SNWD,0,,,W,
20141118,AWND,45,,,W,
20141118,WDF2,280,,,W,
20141118,WDF5,290,,,W,
20141118,WSF2,98,,,W,
20141118,WSF5,148,,,W,
20141119,TMAX,22,,,W,2400
20141119,TMIN,-55,,,W,2400
20141119,PRCP,0,,,W,2400
20141119,SNOW,0,,,W,
20141119,SNWD,0,,,W,
20141119,AWND,32,,,W,
20141119,WDF2,250,,,W,
20141119,WDF5,250,,,W,
20141119,WSF2,72,,,W,
20141119,WSF5,112,,,W,
20141120,TMAX,72,,,W,2400
20141120,TMIN,-5,,,W,2400
20141120,PRCP,0,,,W,2400
20141120,SNOW,0,,,W,
20141120,SNWD,0,,,W,
20141120,AWND,32,,,W,
20141120,WDF2,290,,,W,
20141120,WDF5,270,,,W,
20141120,WSF2,76,,,W,
20141120,WSF5,125,,,W,
20141121,TMAX,28,,,W,2400
20141121,TMIN,-21,,,W,2400
20141121,PRCP,0,,,W,2400
20141121,SNOW,0,,,W,
20141121,SNWD,0,,,W,
20141121,AWND,34,,,W,
20141121,WDF2,290,,,W,
20141121,WDF5,320,,,W,
20141121,WSF2,76,,,W,
20141121,WSF5,116,,,W,
20141122,TMAX,67,,,W,2400
20141122,TMIN,-21,,,W,2400
20141122,PRCP,0,,,W,2400
20141122,SNOW,0,,,W,
20141122,SNWD,0,,,W,
20141122,AWND,22,,,W,
20141122,WDF2,240,,,W,
20141122,WDF5,260,,,W,
20141122,WSF2,67,,,W,
20141122,WSF5,116,,,W,
20141123,TMAX,139,,,W,2400
20141123,TMIN,61,,,W,2400
20141123,PRCP,0,,,W,2400
20141123,SNOW,0,,,W,
20141123,SNWD,0,,,W,
20141123,AWND,17,,,W,
20141123,WDF2,260,,,W,
20141123,WDF5,240,,,W,
20141123,WSF2,63,,,W,
20141123,WSF5,103,,,W,
20141124,TMAX,206,,,W,2400
20141124,TMIN,117,,,W,2400
20141124,PRCP,178,,,W,2400
20141124,SNOW,0,,,W,
20141124,SNWD,0,,,W,
20141124,AWND,24,,,W,
20141124,WDF2,180,,,W,
20141124,WDF5,170,,,W,
20141124,WSF2,76,,,W,
20141124,WSF5,143,,,W,
20141124,WT01,1,,,W,
20141124,WT08,1,,,W,
20141125,TMAX,200,,,W,2400
20141125,TMIN,106,,,W,2400
20141125,PRCP,0,,,W,2400
20141125,SNOW,0,,,W,
20141125,SNWD,0,,,W,
20141125,AWND,23,,,W,
20141125,WDF2,280,,,W,
20141125,WDF5,270,,,W,
20141125,WSF2,63,,,W,
20141125,WSF5,103,,,W,
20141126,TMAX,106,,,W,2400
20141126,TMIN,11,,,W,2400
20141126,PRCP,315,,,W,2400
20141126,SNOW,5,,,W,
20141126,SNWD,0,,,W,
20141126,AWND,39,,,W,
20141126,WDF2,40,,,W,
20141126,WDF5,30,,,W,
20141126,WSF2,81,,,W,
20141126,WSF5,152,,,W,
20141126,WT01,1,,,W,
20141127,TMAX,33,,,W,2400
20141127,TMIN,11,,,W,2400
20141127,PRCP,5,,,W,2400
20141127,SNOW,0,T,,W,
20141127,SNWD,0,,,W,
20141127,AWND,23,,,W,
20141127,WDF2,310,,,W,
20141127,WDF5,290,,,W,
20141127,WSF2,54,,,W,
20141127,WSF5,89,,,W,
20141127,WT01,1,,,W,
20141127,WT08,1,,,W,
20141128,TMAX,28,,,W,2400
20141128,TMIN,-16,,,W,2400
20141128,PRCP,0,,,W,2400
20141128,SNOW,0,,,W,
20141128,SNWD,0,,,W,
20141128,AWND,26,,,W,
20141128,WDF2,310,,,W,
20141128,WDF5,290,,,W,
20141128,WSF2,76,,,W,
20141128,WSF5,112,,,W,
20141129,TMAX,72,,,W,2400
20141129,TMIN,-27,,,W,2400
20141129,PRCP,0,,,W,2400
20141129,SNOW,0,,,W,
20141129,SNWD,0,,,W,
20141129,AWND,16,,,W,
20141129,WDF2,260,,,W,
20141129,WDF5,260,,,W,
20141129,WSF2,45,,,W,
20141129,WSF5,72,,,W,
20141130,TMAX,128,,,W,2400
20141130,TMIN,72,,,W,2400
20141130,PRCP,0,,,W,2400
20141130,SNOW,0,,,W,
20141130,SNWD,0,,,W,
20141130,AWND,19,,,W,
20141130,WDF2,250,,,W,
20141130,WDF5,250,,,W,
20141130,WSF2,58,,,W,
20141130,WSF5,103,,,W,
20141201,TMAX,183,,,W,2400
20141201,TMIN,56,,,W,2400
20141201,PRCP,23,,,W,2400
20141201,SNOW,0,,,W,
20141201,SNWD,0,,,W,
20141201,AWND,30,,,W,
20141201,WDF2,250,,,W,
20141201,WDF5,250,,,W,
20141201,WSF2,63,,,W,
20141201,WSF5,103,,,W,
20141202,TMAX,61,,,W,2400
20141202,TMIN,17,,,W,2400
20141202,PRCP,20,,,W,2400
20141202,SNOW,0,,,W,
20141202,SNWD,0,,,W,
20141202,AWND,41,,,W,
20141202,WDF2,60,,,W,
20141202,WDF5,60,,,W,
20141202,WSF2,76,,,W,
20141202,WSF5,116,,,W,
20141202,WT01,1,,,W,
20141202,WT08,1,,,W,
20141203,TMAX,78,,,W,2400
20141203,TMIN,50,,,W,2400
20141203,PRCP,15,,,W,2400
20141203,SNOW,0,,,W,
20141203,SNWD,0,,,W,
20141203,AWND,34,,,W,
20141203,WDF2,280,,,W,
20141203,WDF5,300,,,W,
20141203,WSF2,72,,,W,
20141203,WSF5,116,,,W,
20141203,WT01,1,,,W,
20141203,WT08,1,,,W,
20141204,TMAX,72,,,W,2400
20141204,TMIN,28,,,W,2400
20141204,PRCP,0,,,W,2400
20141204,SNOW,0,,,W,
20141204,SNWD,0,,,W,
20141204,AWND,26,,,W,
20141204,WDF2,280,,,W,
20141204,WDF5,280,,,W,
20141204,WSF2,58,,,W,
20141204,WSF5,85,,,W,
20141205,TMAX,67,,,W,2400
20141205,TMIN,11,,,W,2400
20141205,PRCP,130,,,W,2400
20141205,SNOW,0,,,W,
20141205,SNWD,0,,,W,
20141205,AWND,27,,,W,
20141205,WDF2,60,,,W,
20141205,WDF5,60,,,W,
20141205,WSF2,76,,,W,
20141205,WSF5,94,,,W,
20141205,WT01,1,,,W,
20141205,WT08,1,,,W,
20141206,TMAX,100,,,W,2400
20141206,TMIN,39,,,W,2400
20141206,PRCP,310,,,W,2400
20141206,SNOW,0,,,W,
20141206,SNWD,0,,,W,
20141206,AWND,18,,,W,
20141206,WDF2,10,,,W,
20141206,WDF5,20,,,W,
20141206,WSF2,76,,,W,
20141206,WSF5,134,,,W,
20141206,WT01,1,,,W,
20141206,WT08,1,,,W,
20141207,TMAX,56,,,W,2400
20141207,TMIN,-10,,,W,2400
20141207,PRCP,10,,,W,2400
20141207,SNOW,0,,,W,
20141207,SNWD,0,,,W,
20141207,AWND,53,,,W,
20141207,WDF2,30,,,W,
20141207,WDF5,10,,,W,
20141207,WSF2,112,,,W,
20141207,WSF5,179,,,W,
20141208,TMAX,28,,,W,2400
20141208,TMIN,-43,,,W,2400
20141208,PRCP,0,,,W,2400
20141208,SNOW,0,,,W,
20141208,SNWD,0,,,W,
20141208,AWND,51,,,W,
20141208,WDF2,70,,,W,
20141208,WDF5,70,,,W,
20141208,WSF2,89,,,W,
20141208,WSF5,130,,,W,
20141209,TMAX,56,,,W,2400
20141209,TMIN,22,,,W,2400
20141209,PRCP,645,,,W,2400
20141209,SNOW,0,,,W,
20141209,SNWD,0,,,W,
20141209,AWND,46,,,W,
20141209,WDF2,50,,,W,
20141209,WDF5,60,,,W,
20141209,WSF2,98,,,W,
20141209,WSF5,143,,,W,
20141209,WT01,1,,,W,
20141210,TMAX,44,,,W,2400
20141210,TMIN,0,,,W,2400
20141210,PRCP,20,,,W,2400
20141210,SNOW,25,,,W,
20141210,SNWD,0,,,W,
20141210,AWND,37,,,W,
20141210,WDF2,290,,,W,
20141210,WDF5,310,,,W,
20141210,WSF2,72,,,W,
20141210,WSF5,107,,,W,
20141210,WT01,1,,,W,
20141210,WT08,1,,,W,
20141211,TMAX,33,,,W,2400
20141211,TMIN,-5,,,W,2400
20141211,PRCP,3,,,W,2400
20141211,SNOW,0,T,,W,
20141211,SNWD,30,,,W,
20141211,AWND,34,,,W,
20141211,WDF2,270,,,W,
20141211,WDF5,260,,,W,
20141211,WSF2,76,,,W,
20141211,WSF5,112,,,W,
20141211,WT08,1,,,W,
20141212,TMAX,33,,,W,2400
20141212,TMIN,0,,,W,2400
20141212,PRCP,0,,,W,2400
20141212,SNOW,0,,,W,
20141212,SNWD,0,,,W,
20141212,AWND,36,,,W,
20141212,WDF2,300,,,W,
20141212,WDF5,300,,,W,
20141212,WSF2,67,,,W,
20141212,WSF5,112,,,W,
20141213,TMAX,67,,,W,2400
20141213,TMIN,11,,,W,2400
20141213,PRCP,0,,,W,2400
20141213,SNOW,0,,,W,
20141213,SNWD,0,,,W,
20141213,AWND,40,,,W,
20141213,WDF2,300,,,W,
20141213,WDF5,300,,,W,
20141213,WSF2,72,,,W,
20141213,WSF5,125,,,W,
20141214,TMAX,78,,,W,2400
20141214,TMIN,33,,,W,2400
20141214,PRCP,0,,,W,2400
20141214,SNOW,0,,,W,
20141214,SNWD,0,,,W,
20141214,AWND,27,,,W,
20141214,WDF2,310,,,W,
20141214,WDF5,300,,,W,
20141214,WSF2,58,,,W,
20141214,WSF5,89,,,W,
20141215,TMAX,89,,,W,2400
20141215,TMIN,28,,,W,2400
20141215,PRCP,0,,,W,2400
20141215,SNOW,0,,,W,
20141215,SNWD,0,,,W,
20141215,AWND,12,,,W,
20141215,WDF2,250,,,W,
20141215,WDF5,300,,,W,
20141215,WSF2,36,,,W,
20141215,WSF5,54,,,W,
20141216,TMAX,94,,,W,2400
20141216,TMIN,33,,,W,2400
20141216,PRCP,51,,,W,2400
20141216,SNOW,0,,,W,
20141216,SNWD,0,,,W,
20141216,AWND,17,,,W,
20141216,WDF2,110,,,W,
20141216,WDF5,150,,,W,
20141216,WSF2,54,,,W,
20141216,WSF5,63,,,W,
20141216,WT01,1,,,W,
20141216,WT08,1,,,W,
20141217,TMAX,122,,,W,2400
20141217,TMIN,56,,,W,2400
20141217,PRCP,5,,,W,2400
20141217,SNOW,0,,,W,
20141217,SNWD,0,,,W,
20141217,AWND,26,,,W,
20141217,WDF2,280,,,W,
20141217,WDF5,290,,,W,
20141217,WSF2,72,,,W,
20141217,WSF5,116,,,W,
20141217,WT01,1,,,W,
20141218,TMAX,56,,,W,2400
20141218,TMIN,28,,,W,2400
20141218,PRCP,0,,,W,2400
20141218,SNOW,0,,,W,
20141218,SNWD,0,,,W,
20141218,AWND,39,,,W,
20141218,WDF2,290,,,W,
20141218,WDF5,310,,,W,
20141218,WSF2,72,,,W,
20141218,WSF5,125,,,W,
20141219,TMAX,33,,,W,2400
20141219,TMIN,-5,,,W,2400
20141219,PRCP,0,,,W,2400
20141219,SNOW,0,,,W,
20141219,SNWD,0,,,W,
20141219,AWND,32,,,W,
20141219,WDF2,300,,,W,
20141219,WDF5,310,,,W,
20141219,WSF2,63,,,W,
20141219,WSF5,107,,,W,
20141220,TMAX,6,,,W,2400
20141220,TMIN,-10,,,W,2400
20141220,PRCP,0,,,W,2400
20141220,SNOW,0,,,W,
20141220,SNWD,0,,,W,
20141220,AWND,22,,,W,
20141220,WDF2,40,,,W,
20141220,WDF5,60,,,W,
20141220,WSF2,54,,,W,
20141220,WSF5,67,,,W,
20141221,TMAX,22,,,W,2400
20141221,TMIN,-5,,,W,2400
20141221,PRCP,0,T,,W,2400
20141221,SNOW,0,T,,W,
20141221,SNWD,0,,,W,
20141221,AWND,22,,,W,
20141221,WDF2,10,,,W,
20141221,WDF5,10,,,W,
20141221,WSF2,40,,,W,
20141221,WSF5,58,,,W,
20141221,WT08,1,,,W,
20141222,TMAX,67,,,W,2400
20141222,TMIN,17,,,W,2400
20141222,PRCP,10,,,W,2400
20141222,SNOW,0,,,W,
20141222,SNWD,0,,,W,
20141222,AWND,27,,,W,
20141222,WDF2,70,,,W,
20141222,WDF5,40,,,W,
20141222,WSF2,54,,,W,
20141222,WSF5,72,,,W,
20141222,WT01,1,,,W,
20141222,WT08,1,,,W,
20141223,TMAX,78,,,W,2400
20141223,TMIN,61,,,W,2400
20141223,PRCP,41,,,W,2400
20141223,SNOW,0,,,W,
20141223,SNWD,0,,,W,
20141223,AWND,37,,,W,
20141223,WDF2,70,,,W,
20141223,WDF5,80,,,W,
20141223,WSF2,76,,,W,
20141223,WSF5,116,,,W,
20141223,WT01,1,,,W,
20141224,TMAX,144,,,W,2400
20141224,TMIN,67,,,W,2400
20141224,PRCP,203,,,W,2400
20141224,SNOW,0,,,W,
20141224,SNWD,0,,,W,
20141224,AWND,26,,,W,
20141224,WDF2,70,,,W,
20141224,WDF5,180,,,W,
20141224,WSF2,54,,,W,
20141224,WSF5,76,,,W,
20141224,WT01,1,,,W,
20141225,TMAX,167,,,W,2400
20141225,TMIN,67,,,W,2400
20141225,PRCP,23,,,W,2400
20141225,SNOW,0,,,W,
20141225,SNWD,0,,,W,
20141225,AWND,43,,,W,
20141225,WDF2,290,,,W,
20141225,WDF5,300,,,W,
20141225,WSF2,89,,,W,
20141225,WSF5,143,,,W,
20141225,WT01,1,,,W,
20141226,TMAX,100,,,W,2400
20141226,TMIN,44,,,W,2400
20141226,PRCP,0,,,W,2400
20141226,SNOW,0,,,W,
20141226,SNWD,0,,,W,
20141226,AWND,26,,,W,
20141226,WDF2,290,,,W,
20141226,WDF5,250,,,W,
20141226,WSF2,58,,,W,
20141226,WSF5,81,,,W,
20141227,TMAX,128,,,W,2400
20141227,TMIN,67,,,W,2400
20141227,PRCP,0,,,W,2400
20141227,SNOW,0,,,W,
20141227,SNWD,0,,,W,
20141227,AWND,20,,,W,
20141227,WDF2,240,,,W,
20141227,WDF5,250,,,W,
20141227,WSF2,63,,,W,
20141227,WSF5,112,,,W,
20141228,TMAX,122,,,W,2400
20141228,TMIN,61,,,W,2400
20141228,PRCP,25,,,W,2400
20141228,SNOW,0,,,W,
20141228,SNWD,0,,,W,
20141228,AWND,26,,,W,
20141228,WDF2,240,,,W,
20141228,WDF5,250,,,W,
20141228,WSF2,67,,,W,
20141228,WSF5,98,,,W,
20141228,WT01,1,,,W,
20141228,WT08,1,,,W,
20141229,TMAX,67,,,W,2400
20141229,TMIN,11,,,W,2400
20141229,PRCP,0,,,W,2400
20141229,SNOW,0,,,W,
20141229,SNWD,0,,,W,
20141229,AWND,23,,,W,
20141229,WDF2,310,,,W,
20141229,WDF5,320,,,W,
20141229,WSF2,67,,,W,
20141229,WSF5,112,,,W,
20141230,TMAX,11,,,W,2400
20141230,TMIN,-21,,,W,2400
20141230,PRCP,0,,,W,2400
20141230,SNOW,0,,,W,
20141230,SNWD,0,,,W,
20141230,AWND,19,,,W,
20141230,WDF2,10,,,W,
20141230,WDF5,300,,,W,
20141230,WSF2,45,,,W,
20141230,WSF5,76,,,W,
20141231,TMAX,0,,,W,2400
20141231,TMIN,-27,,,W,2400
20141231,PRCP,0,,,W,2400
20141231,SNOW,0,,,W,
20141231,SNWD,0,,,W,
20141231,AWND,25,,,W,
20141231,WDF2,280,,,W,
20141231,WDF5,280,,,W,
20141231,WSF2,63,,,W,
20141231,WSF5,94,,,W,
20150101,TMAX,39,,,W,2400
20150101,TMIN,-27,,,W,2400
20150101,PRCP,0,,,W,2400
20150101,SNOW,0,,,W,
20150101,SNWD,0,,,W,
20150101,AWND,32,,,W,
20150101,WDF2,260,,,W,
20150101,WDF5,250,,,W,
20150101,WSF2,76,,,W,
20150101,WSF5,139,,,W,
20150102,TMAX,56,,,W,2400
20150102,TMIN,17,,,W,2400
20150102,PRCP,0,,,W,2400
20150102,SNOW,0,,,W,
20150102,SNWD,0,,,W,
20150102,AWND,32,,,W,
20150102,WDF2,260,,,W,
20150102,WDF5,310,,,W,
20150102,WSF2,67,,,W,
20150102,WSF5,112,,,W,
20150103,TMAX,56,,,W,2400
20150103,TMIN,6,,,W,2400
20150103,PRCP,180,,,W,2400
20150103,SNOW,0,T,,W,
20150103,SNWD,0,,,W,
20150103,AWND,29,,,W,
20150103,WDF2,80,,,W,
20150103,WDF5,70,,,W,
20150103,WSF2,54,,,W,
20150103,WSF5,81,,,W,
20150103,WT01,1,,,W,
20150103,WT08,1,,,W,
20150104,TMAX,133,,,W,2400
20150104,TMIN,50,,,W,2400
20150104,PRCP,76,,,W,2400
20150104,SNOW,0,,,W,
20150104,SNWD,0,,,W,
20150104,AWND,29,,,W,
20150104,WDF2,280,,,W,
20150104,WDF5,260,,,W,
20150104,WSF2,130,,,W,
20150104,WSF5,206,,,W,
20150104,WT01,1,,,W,
20150105,TMAX,94,,,W,2400
20150105,TMIN,-60,,,W,2400
20150105,PRCP,0,,,W,2400
20150105,SNOW,0,,,W,
20150105,SNWD,0,,,W,
20150105,AWND,47,,,W,
20150105,WDF2,280,,,W,
20150105,WDF5,300,,,W,
20150105,WSF2,107,,,W,
20150105,WSF5,170,,,W,
20150106,TMAX,-55,,,W,2400
20150106,TMIN,-71,,,W,2400
20150106,PRCP,13,,,W,2400
20150106,SNOW,13,,,W,
20150106,SNWD,0,,,W,
20150106,AWND,18,,,W,
20150106,WDF2,320,,,W,
20150106,WDF5,280,,,W,
20150106,WSF2,63,,,W,
20150106,WSF5,107,,,W,
20150106,WT08,1,,,W,
20150107,TMAX,-49,,,W,2400
20150107,TMIN,-127,,,W,2400
20150107,PRCP,0,,,W,2400
20150107,SNOW,0,,,W,
20150107,SNWD,30,,,W,
20150107,AWND,57,,,W,
20150107,WDF2,310,,,W,
20150107,WDF5,300,,,W,
20150107,WSF2,98,,,W,
20150107,WSF5,174,,,W,
20150108,TMAX,-60,,,W,2400
20150108,TMIN,-132,,,W,2400
20150108,PRCP,0,,,W,2400
20150108,SNOW,0,,,W,
20150108,SNWD,0,T,,W,
20150108,AWND,39,,,W,
20150108,WDF2,310,,,W,
20150108,WDF5,310,,,W,
20150108,WSF2,81,,,W,
20150108,WSF5,139,,,W,
20150109,TMAX,6,,,W,2400
20150109,TMIN,-71,,,W,2400
20150109,PRCP,18,,,W,2400
20150109,SNOW,38,,,W,
20150109,SNWD,0,T,,W,
20150109,AWND,39,,,W,
20150109,WDF2,280,,,W,
20150109,WDF5,290,,,W,
20150109,WSF2,94,,,W,
20150109,WSF5,134,,,W,
20150109,WT08,1,,,W,
20150110,TMAX,-49,,,W,2400
20150110,TMIN,-88,,,W,2400
20150110,PRCP,0,,,W,2400
20150110,SNOW,0,,,W,
20150110,SNWD,30,,,W,
20150110,AWND,36,,,W,
20150110,WDF2,250,,,W,
20150110,WDF5,230,,,W,
20150110,WSF2,81,,,W,
20150110,WSF5,112,,,W,
20150111,TMAX,28,,,W,2400
20150111,TMIN,-77,,,W,2400
20150111,PRCP,0,,,W,2400
20150111,SNOW,0,,,W,
20150111,SNWD,30,,,W,
20150111,AWND,27,,,W,
20150111,WDF2,230,,,W,
20150111,WDF5,250,,,W,
20150111,WSF2,63,,,W,
20150111,WSF5,107,,,W,
20150112,TMAX,39,,,W,2400
20150112,TMIN,17,,,W,2400
20150112,PRCP,91,,,W,2400
20150112,SNOW,0,T,,W,
20150112,SNWD,0,T,,W,
20150112,AWND,17,,,W,
20150112,WDF2,260,,,W,
20150112,WDF5,260,,,W,
20150112,WSF2,54,,,W,
20150112,WSF5,89,,,W,
20150112,WT01,1,,,W,
20150112,WT04,1,,,W,
20150113,TMAX,22,,,W,2400
20150113,TMIN,-82,,,W,2400
20150113,PRCP,0,,,W,2400
20150113,SNOW,0,,,W,
20150113,SNWD,0,,,W,
20150113,AWND,38,,,W,
20150113,WDF2,30,,,W,
20150113,WDF5,40,,,W,
20150113,WSF2,81,,,W,
20150113,WSF5,112,,,W,
20150114,TMAX,0,,,W,2400
20150114,TMIN,-88,,,W,2400
20150114,PRCP,0,,,W,2400
20150114,SNOW,0,,,W,
20150114,SNWD,0,,,W,
20150114,AWND,28,,,W,
20150114,WDF2,70,,,W,
20150114,WDF5,80,,,W,
20150114,WSF2,63,,,W,
20150114,WSF5,76,,,W,
20150115,TMAX,17,,,W,2400
20150115,TMIN,-38,,,W,2400
20150115,PRCP,0,,,W,2400
20150115,SNOW,0,,,W,
20150115,SNWD,0,,,W,
20150115,AWND,21,,,W,
20150115,WDF2,250,,,W,
20150115,WDF5,290,,,W,
20150115,WSF2,67,,,W,
20150115,WSF5,89,,,W,
20150116,TMAX,61,,,W,2400
20150116,TMIN,-66,,,W,2400
20150116,PRCP,0,,,W,2400
20150116,SNOW,0,,,W,
20150116,SNWD,0,,,W,
20150116,AWND,44,,,W,
20150116,WDF2,310,,,W,
20150116,WDF5,320,,,W,
20150116,WSF2,94,,,W,
20150116,WSF5,143,,,W,
20150116,WT08,1,,,W,
20150117,TMAX,0,,,W,2400
20150117,TMIN,-82,,,W,2400
20150117,PRCP,0,,,W,2400
20150117,SNOW,0,,,W,
20150117,SNWD,0,,,W,
20150117,AWND,27,,,W,
20150117,WDF2,310,,,W,
20150117,WDF5,190,,,W,
20150117,WSF2,63,,,W,
20150117,WSF5,103,,,W,
20150118,TMAX,56,,,W,2400
20150118,TMIN,-5,,,W,2400
20150118,PRCP,533,,,W,2400
20150118,SNOW,0,,,W,
20150118,SNWD,0,,,W,
20150118,AWND,17,,,W,
20150118,WDF2,270,,,W,
20150118,WDF5,210,,,W,
20150118,WSF2,45,,,W,
20150118,WSF5,89,,,W,
20150118,WT01,1,,,W,
20150118,WT02,1,,,W,
20150119,TMAX,56,,,W,2400
20150119,TMIN,22,,,W,2400
20150119,PRCP,0,,,W,2400
20150119,SNOW,0,,,W,
20150119,SNWD,0,,,W,
20150119,AWND,34,,,W,
20150119,WDF2,290,,,W,
20150119,WDF5,270,,,W,
20150119,WSF2,72,,,W,
20150119,WSF5,148,,,W,
20150120,TMAX,44,,,W,2400
20150120,TMIN,0,,,W,2400
20150120,PRCP,0,,,W,2400
20150120,SNOW,0,,,W,
20150120,SNWD,0,,,W,
20150120,AWND,26,,,W,
20150120,WDF2,290,,,W,
20150120,WDF5,280,,,W,
20150120,WSF2,58,,,W,
20150120,WSF5,89,,,W,
20150121,TMAX,22,,,W,2400
20150121,TMIN,-38,,,W,2400
20150121,PRCP,0,,,W,2400
20150121,SNOW,0,,,W,
20150121,SNWD,0,,,W,
20150121,AWND,19,,,W,
20150121,WDF2,350,,,W,
20150121,WDF5,20,,,W,
20150121,WSF2,45,,,W,
20150121,WSF5,67,,,W,
20150122,TMAX,44,,,W,2400
20150122,TMIN,-5,,,W,2400
20150122,PRCP,0,,,W,2400
20150122,SNOW,0,,,W,
20150122,SNWD,0,,,W,
20150122,AWND,25,,,W,
20150122,WDF2,310,,,W,
20150122,WDF5,310,,,W,
20150122,WSF2,63,,,W,
20150122,WSF5,94,,,W,
20150122,WT08,1,,,W,
20150123,TMAX,39,,,W,2400
20150123,TMIN,-21,,,W,2400
20150123,PRCP,0,,,W,2400
20150123,SNOW,0,,,W,
20150123,SNWD,0,,,W,
20150123,AWND,25,,,W,
20150123,WDF2,250,,,W,
20150123,WDF5,250,,,W,
20150123,WSF2,63,,,W,
20150123,WSF5,85,,,W,
20150124,TMAX,39,,,W,2400
20150124,TMIN,6,,,W,2400
20150124,PRCP,183,,,W,2400
20150124,SNOW,64,,,W,
20150124,SNWD,80,,,W,
20150124,AWND,27,,,W,
20150124,WDF2,290,,,W,
20150124,WDF5,290,,,W,
20150124,WSF2,63,,,W,
20150124,WSF5,107,,,W,
20150124,WT01,1,,,W,
20150124,WT08,1,,,W,
20150125,TMAX,56,,,W,2400
20150125,TMIN,-5,,,W,2400
20150125,PRCP,0,,,W,2400
20150125,SNOW,0,,,W,
20150125,SNWD,50,,,W,
20150125,AWND,28,,,W,
20150125,WDF2,250,,,W,
20150125,WDF5,260,,,W,
20150125,WSF2,76,,,W,
20150125,WSF5,134,,,W,
20150126,TMAX,-5,,,W,2400
20150126,TMIN,-55,,,W,2400
20150126,PRCP,122,,,W,2400
20150126,SNOW,140,,,W,
20150126,SNWD,50,,,W,
20150126,AWND,57,,,W,
20150126,WDF2,60,,,W,
20150126,WDF5,50,,,W,
20150126,WSF2,103,,,W,
20150126,WSF5,152,,,W,
20150126,WT01,1,,,W,
20150126,WT02,1,,,W,
20150126,WT08,1,,,W,
20150127,TMAX,-10,,,W,2400
20150127,TMIN,-66,,,W,2400
20150127,PRCP,91,,,W,2400
20150127,SNOW,109,,,W,
20150127,SNWD,200,,,W,
20150127,AWND,37,,,W,
20150127,WDF2,10,,,W,
20150127,WDF5,330,,,W,
20150127,WSF2,76,,,W,
20150127,WSF5,134,,,W,
20150127,WT01,1,,,W,
20150127,WT02,1,,,W,
20150127,WT08,1,,,W,
20150128,TMAX,11,,,W,2400
20150128,TMIN,-88,,,W,2400
20150128,PRCP,0,,,W,2400
20150128,SNOW,0,,,W,
20150128,SNWD,200,,,W,
20150128,AWND,34,,,W,
20150128,WDF2,310,,,W,
20150128,WDF5,310,,,W,
20150128,WSF2,72,,,W,
20150128,WSF5,107,,,W,
20150129,TMAX,22,,,W,2400
20150129,TMIN,-71,,,W,2400
20150129,PRCP,5,,,W,2400
20150129,SNOW,0,T,,W,
20150129,SNWD,150,,,W,
20150129,AWND,17,,,W,
20150129,WDF2,190,,,W,
20150129,WDF5,180,,,W,
20150129,WSF2,63,,,W,
20150129,WSF5,89,,,W,
20150130,TMAX,33,,,W,2400
20150130,TMIN,-71,,,W,2400
20150130,PRCP,15,,,W,2400
20150130,SNOW,25,,,W,
20150130,SNWD,180,,,W,
20150130,AWND,47,,,W,
20150130,WDF2,310,,,W,
20150130,WDF5,300,,,W,
20150130,WSF2,98,,,W,
20150130,WSF5,161,,,W,
20150130,WT01,1,,,W,
20150130,WT08,1,,,W,
20150131,TMAX,-32,,,W,2400
20150131,TMIN,-105,,,W,2400
20150131,PRCP,0,,,W,2400
20150131,SNOW,0,,,W,
20150131,SNWD,180,,,W,
20150131,AWND,55,,,W,
20150131,WDF2,310,,,W,
20150131,WDF5,290,,,W,
20150131,WSF2,107,,,W,
20150131,WSF5,197,,,W,
20150201,TMAX,22,,,W,2400
20150201,TMIN,-66,,,W,2400
20150201,PRCP,8,,,W,2400
20150201,SNOW,8,,,W,
20150201,SNWD,150,,,W,
20150201,AWND,17,,,W,
20150201,WDF2,250,,,W,
20150201,WDF5,260,,,W,
20150201,WSF2,54,,,W,
20150201,WSF5,76,,,W,
20150201,WT01,1,,,W,
20150201,WT08,1,,,W,
20150202,TMAX,11,,,W,2400
20150202,TMIN,-99,,,W,2400
20150202,PRCP,259,,,W,2400
20150202,SNOW,84,,,W,
20150202,SNWD,180,,,W,
20150202,AWND,44,,,W,
20150202,WDF2,70,,,W,
20150202,WDF5,310,,,W,
20150202,WSF2,98,,,W,
20150202,WSF5,143,,,W,
20150202,WT01,1,,,W,
20150202,WT02,1,,,W,
20150202,WT06,1,,,W,
20150202,WT08,1,,,W,
20150203,TMAX,-32,,,W,2400
20150203,TMIN,-105,,,W,2400
20150203,PRCP,0,,,W,2400
20150203,SNOW,0,,,W,
20150203,SNWD,200,,,W,
20150203,AWND,32,,,W,
20150203,WDF2,310,,,W,
20150203,WDF5,310,,,W,
20150203,WSF2,76,,,W,
20150203,WSF5,121,,,W,
20150204,TMAX,61,,,W,2400
20150204,TMIN,-43,,,W,2400
20150204,PRCP,0,,,W,2400
20150204,SNOW,0,,,W,
20150204,SNWD,200,,,W,
20150204,AWND,19,,,W,
20150204,WDF2,260,,,W,
20150204,WDF5,250,,,W,
20150204,WSF2,58,,,W,
20150204,WSF5,85,,,W,
20150205,TMAX,56,,,W,2400
20150205,TMIN,-99,,,W,2400
20150205,PRCP,0,,,W,2400
20150205,AWND,38,,,W,
20150205,PGTM,1342,,,W,
20150205,WDF2,360,,,W,
20150205,WDF5,310,,,W,
20150205,WSF2,89,,,W,
20150205,WSF5,134,,,W,
